Asset,PhemexFutures,KucoinSpot,LastPrice,LastDate,RSI_14,SMA_20,SMA_50,SMA_200,ATR%_W,MovingAveragesRating,OscillatorsRating,VolatilityRating,Analysed,Note
1000REEFUSDPERP,1,1,4.795,19.09.2022,55.022548,4.31035,4.19992,,0.188514,UP_TREND,BULLISH,MEDIUM,,
CHZUSDPERP,1,1,0.2534,19.09.2022,67.424283,0.208355,0.193482,0.166861,0.168759,STRONG_UP_TREND,BULLISH,MEDIUM,,
APEUSDPERP,1,1,5.865,19.09.2022,58.190232,4.967,5.6469,,0.301694,UP_TREND,BULLISH,HIGH,,
XRPUSDPERP,1,1,0.3851,19.09.2022,61.061891,0.344415,0.353888,0.489481,0.189,UP_TREND,BULLISH,MEDIUM,,
ASTRUSDPERP,1,1,0.0354,19.09.2022,40.260049,0.037055,0.041356,,0.398748,DOWN_TREND,BEARISH,HIGH,,
LINKUSDPERP,1,1,7.315,19.09.2022,48.71297,7.3526,7.55772,9.456705,0.241121,STRONG_DOWN_TREND,BEARISH,MEDIUM,,
INJUSDPERP,1,1,1.573,19.09.2022,47.729557,1.60855,1.65856,,0.295596,DOWN_TREND,BEARISH,MEDIUM,,
COMPUSDPERP,1,1,51.85,19.09.2022,49.012256,51.2775,54.235,77.3115,0.355693,DOWN_TREND,BEARISH,HIGH,,
ATOMUSDPERP,1,1,15.604,19.09.2022,58.708085,14.1607,12.45206,15.395905,0.204533,STRONG_UP_TREND,BULLISH,MEDIUM,,
C98USDPERP,1,1,0.392,19.09.2022,43.640731,0.422425,0.45725,,0.270351,DOWN_TREND,BEARISH,MEDIUM,,
XLMUSDPERP,1,1,0.1118,19.09.2022,53.245692,0.107225,0.1124,0.14381,0.187491,DOWN_TREND,BULLISH,MEDIUM,,
1000HOTUSDPERP,1,1,2.026,19.09.2022,45.071249,2.0755,2.26118,,0.201719,DOWN_TREND,BEARISH,MEDIUM,,
COTIUSDPERP,1,1,0.0939,19.09.2022,47.487714,0.09467,0.102162,,0.204567,DOWN_TREND,BEARISH,MEDIUM,,
1000000NFTUSDPERP,1,1,0.549,19.09.2022,41.302421,0.5719,0.5954,,0.180868,DOWN_TREND,BEARISH,MEDIUM,,
GOLDUSDPERP,1,1,1669.9,19.09.2022,34.784876,1698.9375,1737.351,1831.6095,0.032467,STRONG_DOWN_TREND,BEARISH,LOW,,
1INCHUSDPERP,1,1,0.5955,19.09.2022,41.587453,0.6377,0.71219,,0.239826,DOWN_TREND,BEARISH,MEDIUM,,
ONEUSDPERP,1,1,0.0193,19.09.2022,42.434048,0.02065,0.022898,,0.424144,DOWN_TREND,BEARISH,HIGH,,
ALGOUSDPERP,1,1,0.317,19.09.2022,52.985956,0.305255,0.319722,0.483676,0.269138,DOWN_TREND,BULLISH,MEDIUM,,
SOLUSDPERP,1,1,32.625,19.09.2022,46.249431,32.9462,36.3321,58.776235,0.37873,STRONG_DOWN_TREND,BEARISH,HIGH,,
TRXUSDPERP,1,1,0.0602,19.09.2022,40.186583,0.062275,0.065262,0.067662,0.153903,STRONG_DOWN_TREND,BEARISH,MEDIUM,,
BNXUSDPERP,1,1,160.2,19.09.2022,62.123776,145.145,137.317,,0.123299,UP_TREND,BULLISH,MEDIUM,,
MTLUSDPERP,1,1,1.091,19.09.2022,40.487648,1.1739,1.26826,,0.251533,DOWN_TREND,BEARISH,MEDIUM,,
ADAUSDPERP,1,1,0.4523,19.09.2022,43.834466,0.47787,0.489876,0.64401,0.255801,STRONG_DOWN_TREND,BEARISH,MEDIUM,,
100IOSTUSDPERP,1,1,1.216,19.09.2022,40.970845,1.27835,1.3809,,0.219447,DOWN_TREND,BEARISH,MEDIUM,,
EGLDUSDPERP,1,1,47.85,19.09.2022,40.456759,50.905,55.422,,0.283772,DOWN_TREND,BEARISH,MEDIUM,,
DOGEUSDPERP,1,1,0.0586,19.09.2022,42.098614,0.06144,0.066492,0.091138,0.27693,STRONG_DOWN_TREND,BEARISH,MEDIUM,,
100ACHUSDPERP,1,1,1.193,19.09.2022,37.340341,1.27355,1.41038,,0.25454,DOWN_TREND,BEARISH,MEDIUM,,
1000RSRUSDPERP,1,1,5.438,19.09.2022,39.66408,6.0317,6.5074,,0.301733,DOWN_TREND,BEARISH,HIGH,,
100ROSEUSDPERP,1,1,5.803,19.09.2022,41.195766,6.21745,7.42658,,0.294068,DOWN_TREND,BEARISH,MEDIUM,,
OMGUSDPERP,1,1,1.706,19.09.2022,41.583094,1.81815,2.00396,,0.257276,DOWN_TREND,BEARISH,MEDIUM,,
CVCUSDPERP,1,1,0.131,19.09.2022,40.715695,0.14105,0.152384,,0.224838,DOWN_TREND,BEARISH,MEDIUM,,
DODOUSDPERP,1,1,0.1252,19.09.2022,45.369968,0.12679,0.144828,,0.269812,DOWN_TREND,BEARISH,MEDIUM,,
ENJUSDPERP,1,1,0.4835,19.09.2022,41.149713,0.5143,0.577576,0.866238,0.358157,STRONG_DOWN_TREND,BEARISH,HIGH,,
DAOUSDPERP,1,1,1.606,19.09.2022,36.210089,1.7122,1.75108,,0.223798,DOWN_TREND,BEARISH,MEDIUM,,
BNBUSDPERP,1,1,271.75,19.09.2022,43.833957,279.41,293.792,,0.158984,DOWN_TREND,BEARISH,MEDIUM,,
THETAUSDPERP,1,1,1.048,19.09.2022,39.043827,1.12775,1.2805,,0.272196,DOWN_TREND,BEARISH,MEDIUM,,
1000DENTUSDPERP,1,1,0.92,19.09.2022,43.582897,0.96455,1.04556,,0.242872,DOWN_TREND,BEARISH,MEDIUM,,
IMXUSDPERP,1,1,0.772,19.09.2022,40.647559,0.8221,0.92436,,0.307498,DOWN_TREND,BEARISH,HIGH,,
ONTUSDPERP,1,1,0.221,19.09.2022,39.721133,0.238355,0.257384,0.346464,0.318287,STRONG_DOWN_TREND,BEARISH,HIGH,,
XMRUSDPERP,1,1,140.49,19.09.2022,41.321616,151.5145,155.1146,172.5108,0.21852,STRONG_DOWN_TREND,BEARISH,MEDIUM,,
100XEMUSDPERP,1,1,4.09,19.09.2022,41.502346,4.3405,4.6819,,0.239938,DOWN_TREND,BEARISH,MEDIUM,,
100VETUSDPERP,1,1,2.28,19.09.2022,40.44358,2.41775,2.6831,,0.225643,DOWN_TREND,BEARISH,MEDIUM,,
XTZUSDPERP,1,1,1.48,19.09.2022,44.09918,1.5465,1.65424,2.164285,0.269701,STRONG_DOWN_TREND,BEARISH,MEDIUM,,
SRMUSDPERP,1,1,0.77,19.09.2022,43.361875,0.8051,0.88018,,0.28478,DOWN_TREND,BEARISH,MEDIUM,,
ARUSDPERP,1,1,9.605,19.09.2022,39.974259,10.11225,11.9769,,0.306223,DOWN_TREND,BEARISH,HIGH,,
CTKUSDPERP,1,1,0.897,19.09.2022,44.614953,0.97245,0.97974,,0.202574,DOWN_TREND,BEARISH,MEDIUM,,
100IOTXUSDPERP,1,1,2.806,19.09.2022,44.62032,2.9074,3.2254,,0.234808,DOWN_TREND,BEARISH,MEDIUM,,
GRTUSDPERP,1,1,0.1015,19.09.2022,44.098041,0.107285,0.116112,0.207696,0.468482,STRONG_DOWN_TREND,BEARISH,HIGH,,
ENSUSDPERP,1,1,13.655,19.09.2022,46.468863,14.3585,14.4532,,0.237029,DOWN_TREND,BEARISH,MEDIUM,,
GALAUSDPERP,1,1,0.0433,19.09.2022,35.790649,0.049065,0.054852,,0.374157,DOWN_TREND,BEARISH,HIGH,,
BTCUSDPERP,1,1,19519.0,19.09.2022,42.264538,20161.2,21519.7,29330.7125,0.187751,STRONG_DOWN_TREND,BEARISH,MEDIUM,,
BATUSDPERP,1,1,0.3049,19.09.2022,37.530576,0.331965,0.372616,0.500528,0.305086,STRONG_DOWN_TREND,BEARISH,HIGH,,
SANDUSDPERP,1,1,0.857,19.09.2022,39.129669,0.9187,1.0784,,0.322683,DOWN_TREND,BEARISH,HIGH,,
FOOTBALLUSDPERP,1,1,979.17,19.09.2022,,,,,0.171618,,,MEDIUM,,
ZRXUSDPERP,1,1,0.2714,19.09.2022,40.188275,0.293435,0.31942,,0.242791,DOWN_TREND,BEARISH,MEDIUM,,
MANAUSDPERP,1,1,0.7268,19.09.2022,40.648765,0.766275,0.8716,1.34399,0.328488,STRONG_DOWN_TREND,BEARISH,HIGH,,
FILUSDPERP,1,1,5.47,19.09.2022,40.90019,5.9645,6.8688,10.83225,0.446086,STRONG_DOWN_TREND,BEARISH,HIGH,,
NEOUSDPERP,1,1,8.38,19.09.2022,38.268687,9.1625,10.0184,13.8466,0.307026,STRONG_DOWN_TREND,BEARISH,HIGH,,
ZILUSDPERP,1,1,0.0323,19.09.2022,37.281393,0.035335,0.03913,,0.317776,DOWN_TREND,BEARISH,HIGH,,
KNCUSDPERP,1,1,1.409,19.09.2022,33.149305,1.7946,1.72692,,0.357396,DOWN_TREND,BEARISH,HIGH,,
ALICEUSDPERP,1,1,1.828,19.09.2022,34.858723,2.0445,2.32714,,0.332526,DOWN_TREND,BEARISH,HIGH,,
FTMUSDPERP,1,1,0.23,19.09.2022,35.551865,0.257515,0.305704,,0.393176,DOWN_TREND,BEARISH,HIGH,,
BCHUSDPERP,1,1,111.95,19.09.2022,41.404903,120.4725,126.805,199.106,0.296085,STRONG_DOWN_TREND,BEARISH,MEDIUM,,
100PEOPLEUSDPERP,1,1,2.227,19.09.2022,50.564645,2.1109,2.55282,,0.3681,,BULLISH,HIGH,,
STORJUSDPERP,1,1,0.4761,19.09.2022,37.182702,0.526195,0.594934,,0.313876,DOWN_TREND,BEARISH,HIGH,,
WOOUSDPERP,1,1,0.1402,19.09.2022,39.54764,0.15215,0.180322,,0.343991,DOWN_TREND,BEARISH,HIGH,,
QTUMUSDPERP,1,1,2.919,19.09.2022,39.97018,3.1316,3.51408,4.50855,0.305915,STRONG_DOWN_TREND,BEARISH,HIGH,,
100LINAUSDPERP,1,1,0.724,19.09.2022,38.364345,0.8035,0.90054,,0.273949,DOWN_TREND,BEARISH,MEDIUM,,
100ARPAUSDPERP,1,1,3.388,19.09.2022,40.372766,3.6457,3.88468,,0.246647,DOWN_TREND,BEARISH,MEDIUM,,
100JASMYUSDPERP,1,1,0.747,19.09.2022,33.133268,0.86775,0.9328,,0.338475,DOWN_TREND,BEARISH,HIGH,,
SXPUSDPERP,1,1,0.33,19.09.2022,37.655657,0.36385,0.4046,,0.232404,DOWN_TREND,BEARISH,MEDIUM,,
SFPUSDPERP,1,1,0.349,19.09.2022,43.278569,0.374765,0.391244,,0.241911,DOWN_TREND,BEARISH,MEDIUM,,
DASHUSDPERP,1,1,40.75,19.09.2022,38.075745,45.313,48.2904,,0.23929,DOWN_TREND,BEARISH,MEDIUM,,
MINAUSDPERP,1,1,0.593,19.09.2022,37.000097,0.64605,0.73374,,0.235168,DOWN_TREND,BEARISH,MEDIUM,,
KAVAUSDPERP,1,1,1.501,19.09.2022,39.159443,1.63475,1.8493,,0.236176,DOWN_TREND,BEARISH,MEDIUM,,
CELOUSDPERP,1,1,0.77,19.09.2022,39.780757,0.8257,0.92306,,0.231169,DOWN_TREND,BEARISH,MEDIUM,,
LITUSDPERP,1,1,0.613,19.09.2022,35.58896,0.69325,0.80792,,0.386867,DOWN_TREND,BEARISH,HIGH,,
NEARUSDPERP,1,1,4.055,19.09.2022,43.425533,4.39375,4.6081,,0.338064,DOWN_TREND,BEARISH,HIGH,,
MATICUSDPERP,1,1,0.765,19.09.2022,40.730827,0.85255,0.8642,,0.245049,DOWN_TREND,BEARISH,MEDIUM,,
AVAXUSDPERP,1,1,17.27,19.09.2022,37.117875,19.011,22.293,,0.393667,DOWN_TREND,BEARISH,HIGH,,
AXSUSDPERP,1,1,12.24,19.09.2022,37.321296,13.6905,15.3026,,0.345108,DOWN_TREND,BEARISH,HIGH,,
KLAYUSDPERP,1,1,0.1997,19.09.2022,34.228784,0.21902,0.251142,,0.288351,DOWN_TREND,BEARISH,MEDIUM,,
LTCUSDPERP,1,1,52.9,19.09.2022,40.861248,58.268,58.4184,75.57455,0.231572,STRONG_DOWN_TREND,BEARISH,MEDIUM,,
YFIIUSDPERP,1,1,885.0,19.09.2022,37.9713,957.725,,,0.242128,,BEARISH,MEDIUM,,
LRCUSDPERP,1,1,0.3084,19.09.2022,36.907012,0.342595,0.386662,,0.32079,DOWN_TREND,BEARISH,HIGH,,
GMTUSDPERP,1,1,0.623,19.09.2022,39.606839,0.67975,0.79464,,0.507362,DOWN_TREND,BEARISH,HIGH,,
DOTUSDPERP,1,1,6.377,19.09.2022,34.977062,7.1908,7.75602,11.5288,0.320293,STRONG_DOWN_TREND,BEARISH,HIGH,,
100CELRUSDPERP,1,1,1.548,19.09.2022,38.34586,1.7265,1.98832,,0.308823,DOWN_TREND,BEARISH,HIGH,,
UNIUSDPERP,1,1,5.479,19.09.2022,36.898263,6.17555,7.1765,7.21121,0.302041,STRONG_DOWN_TREND,BEARISH,HIGH,,
100ANKRUSDPERP,1,1,3.123,19.09.2022,39.937901,3.47435,3.7129,,0.269526,DOWN_TREND,BEARISH,MEDIUM,,
FLMUSDPERP,1,1,0.1029,19.09.2022,35.459603,0.112575,,,0.199822,,BEARISH,MEDIUM,,
100000SHIBUSDPERP,1,1,1.098,19.09.2022,39.53086,1.2209,1.26492,,0.267784,DOWN_TREND,BEARISH,MEDIUM,,
ZECUSDPERP,1,1,55.3,19.09.2022,40.740249,60.4475,65.3464,98.86705,0.386823,STRONG_DOWN_TREND,BEARISH,HIGH,,
CHRUSDPERP,1,1,0.1541,19.09.2022,39.935786,0.172975,0.186732,,0.252149,DOWN_TREND,BEARISH,MEDIUM,,
SNXUSDPERP,1,1,2.506,19.09.2022,38.458291,2.83705,3.23948,3.65179,0.433229,STRONG_DOWN_TREND,BEARISH,HIGH,,
GALUSDPERP,1,1,2.515,19.09.2022,44.161788,2.646,2.9595,,0.383651,DOWN_TREND,BEARISH,HIGH,,
ALPHAUSDPERP,1,1,0.1074,19.09.2022,37.294805,0.118465,,,0.181804,,BEARISH,MEDIUM,,
MKRUSDPERP,1,1,628.3,19.09.2022,30.289337,719.79,860.764,1274.3055,0.410178,STRONG_DOWN_TREND,BEARISH,HIGH,,
ZENUSDPERP,1,1,13.76,19.09.2022,38.919412,15.3565,17.0078,,0.255727,DOWN_TREND,BEARISH,MEDIUM,,
GLMRUSDPERP,1,1,0.472,19.09.2022,37.708919,0.51875,0.60732,,0.488972,DOWN_TREND,BEARISH,HIGH,,
100SLPUSDPERP,1,1,0.341,19.09.2022,36.61884,0.38025,0.42198,,0.347061,DOWN_TREND,BEARISH,HIGH,,
OGNUSDPERP,1,1,0.1451,19.09.2022,33.981745,0.16596,0.189952,,0.339476,DOWN_TREND,BEARISH,HIGH,,
API3USDPERP,1,1,1.495,19.09.2022,38.995528,1.67655,1.89342,,0.332169,DOWN_TREND,BEARISH,HIGH,,
MOVRUSDPERP,1,1,10.92,19.09.2022,36.541458,12.1925,13.843,,0.344777,DOWN_TREND,BEARISH,HIGH,,
TOMOUSDPERP,1,1,0.4515,19.09.2022,41.320463,0.48465,0.54133,,0.268842,DOWN_TREND,BEARISH,MEDIUM,,
OCEANUSDPERP,1,1,0.1549,19.09.2022,41.846103,0.16598,0.180168,,0.243891,DOWN_TREND,BEARISH,MEDIUM,,
LDOUSDPERP,1,1,1.816,19.09.2022,45.507817,1.9404,,,0.340356,,BEARISH,HIGH,,
FTTUSDPERP,1,1,24.16,19.09.2022,39.241643,25.9715,27.8122,,0.179775,DOWN_TREND,BEARISH,MEDIUM,,
RAYUSDPERP,1,1,0.569,19.09.2022,39.03239,0.63015,0.72026,,0.268384,DOWN_TREND,BEARISH,MEDIUM,,
LPTUSDPERP,1,1,9.1,19.09.2022,42.20974,10.046,10.681,,0.30452,DOWN_TREND,BEARISH,HIGH,,
WAVESUSDPERP,1,1,4.02,19.09.2022,37.071478,4.4725,5.0712,,0.456567,DOWN_TREND,BEARISH,HIGH,,
RUNEUSDPERP,1,1,1.682,19.09.2022,37.649178,1.85205,2.20946,,0.424231,DOWN_TREND,BEARISH,HIGH,,
MASKUSDPERP,1,1,1.19,19.09.2022,38.125591,1.33525,1.48046,,0.285291,DOWN_TREND,BEARISH,MEDIUM,,
1000SPELLUSDPERP,1,1,1.097,19.09.2022,29.765197,1.2797,,,0.225034,,OVERSOLD,MEDIUM,,
RENUSDPERP,1,1,0.1079,19.09.2022,39.064318,0.120815,0.135988,,0.324786,DOWN_TREND,BEARISH,HIGH,,
AUDIOUSDPERP,1,1,0.2268,19.09.2022,34.10786,0.26866,0.311542,,0.332611,DOWN_TREND,BEARISH,HIGH,,
YFIUSDPERP,1,1,8463.5,19.09.2022,43.147354,9328.05,9921.33,12016.22,0.312903,STRONG_DOWN_TREND,BEARISH,HIGH,,
AAVEUSDPERP,1,1,76.28,19.09.2022,39.612655,85.405,91.6216,111.74005,0.36891,STRONG_DOWN_TREND,BEARISH,HIGH,,
ICPUSDPERP,1,1,6.06,19.09.2022,42.275679,6.474,6.9864,,0.305167,DOWN_TREND,BEARISH,HIGH,,
1000LEVERUSDPERP,1,1,1.829,19.09.2022,39.445149,2.04155,2.4839,,0.390457,DOWN_TREND,BEARISH,HIGH,,
SUSHIUSDPERP,1,1,1.065,19.09.2022,41.1939,1.17805,1.27218,1.951645,0.421098,STRONG_DOWN_TREND,BEARISH,HIGH,,
ETCUSDPERP,1,1,30.33,19.09.2022,40.875057,35.225,36.1864,,0.259132,DOWN_TREND,BEARISH,MEDIUM,,
DYDXUSDPERP,1,1,1.259,19.09.2022,35.503557,1.46795,1.79792,,0.425506,DOWN_TREND,BEARISH,HIGH,,
CRVUSDPERP,1,1,0.983,19.09.2022,41.787664,1.1023,1.18224,,0.356954,DOWN_TREND,BEARISH,HIGH,,
YGGUSDPERP,1,1,0.388,19.09.2022,34.606309,0.46485,0.59492,,0.456564,DOWN_TREND,BEARISH,HIGH,,
BAKEUSDPERP,1,1,0.2135,19.09.2022,35.628885,0.24646,0.283304,,0.29317,DOWN_TREND,BEARISH,MEDIUM,,
KSMUSDPERP,1,1,39.99,19.09.2022,33.491804,47.611,52.4456,90.03225,0.457726,STRONG_DOWN_TREND,BEARISH,HIGH,,
GTCUSDPERP,1,1,1.877,19.09.2022,38.658105,2.15055,2.49768,,0.342888,DOWN_TREND,BEARISH,HIGH,,
CVXUSDPERP,1,1,4.89,19.09.2022,42.542836,5.151,5.8152,,0.312121,DOWN_TREND,BEARISH,HIGH,,
AGLDUSDPERP,1,1,0.3263,19.09.2022,37.608977,0.377075,0.39989,,0.340691,DOWN_TREND,BEARISH,HIGH,,
BITUSDPERP,1,1,0.482,19.09.2022,35.31852,0.5922,0.60376,,0.262154,DOWN_TREND,BEARISH,MEDIUM,,
100RVNUSDPERP,1,1,4.194,19.09.2022,48.235383,4.49595,3.858,,0.297134,,BEARISH,MEDIUM,,
SKLUSDPERP,1,1,0.0392,19.09.2022,35.161918,0.046295,0.053862,,0.440187,DOWN_TREND,BEARISH,HIGH,,
EOSUSDPERP,1,1,1.297,19.09.2022,41.674903,1.50865,1.44178,1.60863,0.270477,STRONG_DOWN_TREND,BEARISH,MEDIUM,,
ETHUSDPERP,1,1,1375.05,19.09.2022,37.877499,1577.89,1653.031,2035.54375,0.258316,STRONG_DOWN_TREND,BEARISH,MEDIUM,,
OPUSDPERP,1,1,0.9539,19.09.2022,37.936782,1.18308,1.341626,,0.456026,DOWN_TREND,BEARISH,HIGH,,
ILVUSDPERP,1,1,57.8,19.09.2022,26.845968,72.125,89.682,,0.521946,DOWN_TREND,OVERSOLD,HIGH,,
BALUSDPERP,1,1,5.685,19.09.2022,39.086924,6.8635,6.522,,0.302523,DOWN_TREND,BEARISH,HIGH,,
HNTUSDPERP,1,1,4.6,19.09.2022,45.58055,4.55585,,,0.388274,,BEARISH,HIGH,,
STGUSDPERP,1,1,0.5349,19.09.2022,32.105781,0.6474,,,0.346282,,BEARISH,HIGH,,
TIMEUSDT,0,1,60.756,20.09.2022,49.287337,59.89595,64.3475,59.80948,0.424918,UP_TREND,BEARISH,HIGH,,
WEMIXUSDT,0,1,1.746,20.09.2022,27.765973,1.98475,2.27706,,0.198704,DOWN_TREND,OVERSOLD,MEDIUM,,
ROSNUSDT,0,1,0.01904,20.09.2022,44.39105,0.019934,0.021385,0.044394,0.857417,STRONG_DOWN_TREND,BEARISH,HIGH,,
ALPACAUSDT,0,1,0.2895,20.09.2022,56.865395,0.27986,0.273396,0.339906,0.304594,UP_TREND,BULLISH,HIGH,,
RMRKUSDT,0,1,2.3857,20.09.2022,36.321071,2.634625,3.130316,6.942505,0.641989,STRONG_DOWN_TREND,BEARISH,HIGH,,
NIMUSDT,0,1,0.001255,20.09.2022,43.292712,0.001336,0.001429,0.00195,0.452924,STRONG_DOWN_TREND,BEARISH,HIGH,,
EOS3LUSDT,0,1,1.61404,20.09.2022,37.953885,3.475169,3.919061,2.489358,1.312236,STRONG_DOWN_TREND,BEARISH,HIGH,,
SRBPUSDT,0,1,1.369,20.09.2022,42.563009,1.7807,1.320794,,0.463022,,BEARISH,HIGH,,
NEAR3SUSDT,0,1,0.081111,20.09.2022,50.103548,0.070957,0.080292,0.371651,4.162644,UP_TREND,BULLISH,HIGH,,
ROARUSDT,0,1,0.0119,20.09.2022,36.407876,0.0142,0.016463,0.036348,1.277307,STRONG_DOWN_TREND,BEARISH,HIGH,,
SOL3LUSDT,0,1,0.000248,20.09.2022,39.885574,0.000311,0.0005,0.032086,62.327462,STRONG_DOWN_TREND,BEARISH,HIGH,,
PBRUSDT,0,1,0.06194,20.09.2022,40.541623,0.067058,0.086732,0.138902,0.80207,STRONG_DOWN_TREND,BEARISH,HIGH,,
XRP3SUSDT,0,1,10.9668,20.09.2022,37.814186,16.596055,17.019908,18.882471,0.871911,STRONG_DOWN_TREND,BEARISH,HIGH,,
OOEUSDT,0,1,0.0236,20.09.2022,29.093451,0.027655,0.032444,0.0561,0.462009,STRONG_DOWN_TREND,OVERSOLD,HIGH,,
AIUSDT,0,1,0.00144,20.09.2022,33.148555,0.001711,0.002692,0.006122,1.405269,STRONG_DOWN_TREND,BEARISH,HIGH,,
HTUSDT,0,1,4.5329,20.09.2022,43.387126,4.67476,4.673382,6.627673,0.171135,STRONG_DOWN_TREND,BEARISH,MEDIUM,,
FKXUSDT,0,1,0.04842,20.09.2022,67.92428,0.035758,0.027986,0.030451,0.232417,STRONG_UP_TREND,BULLISH,MEDIUM,,
UNOUSDT,0,1,0.03979,20.09.2022,45.257447,0.04013,0.044535,0.097158,0.696183,STRONG_DOWN_TREND,BEARISH,HIGH,,
USDNUSDT,0,1,0.9139,20.09.2022,42.822917,0.92547,0.959402,0.969714,0.081937,STRONG_DOWN_TREND,BEARISH,LOW,,
MNSTUSDT,0,1,0.005861,20.09.2022,47.650177,0.005751,0.006514,0.012305,0.681165,DOWN_TREND,BEARISH,HIGH,,
HAPIUSDT,0,1,7.6884,20.09.2022,34.836435,8.17047,9.28359,11.295517,0.348693,STRONG_DOWN_TREND,BEARISH,HIGH,,
PLATOUSDT,0,1,0.000905,20.09.2022,41.231941,0.001028,0.001207,,2.927313,DOWN_TREND,BEARISH,HIGH,,
POSIUSDT,0,1,0.1085,20.09.2022,27.278614,0.128325,0.137804,,1.550906,DOWN_TREND,OVERSOLD,HIGH,,
BNTUSDT,0,1,0.4336,20.09.2022,39.729626,0.47099,0.50704,1.2436,0.470687,STRONG_DOWN_TREND,BEARISH,HIGH,,
ETNUSDT,0,1,0.0027691,20.09.2022,48.148947,0.002775,0.002859,0.003879,0.272453,STRONG_DOWN_TREND,BEARISH,MEDIUM,,
COMBUSDT,0,1,0.000996,20.09.2022,56.611378,0.000697,0.000665,0.000949,0.499711,STRONG_UP_TREND,BULLISH,HIGH,,
BOBAUSDT,0,1,0.2967,20.09.2022,36.794936,0.316845,0.400834,,0.50649,DOWN_TREND,BEARISH,HIGH,,
FTGUSDT,0,1,0.00804,20.09.2022,38.856009,0.009332,0.011606,0.036309,2.68822,STRONG_DOWN_TREND,BEARISH,HIGH,,
BAXUSDT,0,1,5.49e-05,20.09.2022,44.504637,5.7e-05,6.3e-05,0.000164,0.914587,STRONG_DOWN_TREND,BEARISH,HIGH,,
DOGE3LUSDT,0,1,0.001072,20.09.2022,38.392395,0.001368,0.002035,0.033199,13.351848,STRONG_DOWN_TREND,BEARISH,HIGH,,
XDCUSDT,0,1,0.02615,20.09.2022,41.467491,0.026284,0.029322,0.039912,0.239625,STRONG_DOWN_TREND,BEARISH,MEDIUM,,
SKEYUSDT,0,1,0.01512,20.09.2022,41.167767,0.016156,0.017492,0.02822,0.463111,STRONG_DOWN_TREND,BEARISH,HIGH,,
LINK3LUSDT,0,1,0.0019,20.09.2022,42.262773,0.002397,0.003004,0.05157,9.739596,STRONG_DOWN_TREND,BEARISH,HIGH,,
SOLRUSDT,0,1,0.04644,20.09.2022,32.496199,0.050269,0.056768,0.138821,1.014782,STRONG_DOWN_TREND,BEARISH,HIGH,,
LBPUSDT,0,1,0.001945,20.09.2022,55.996336,0.001643,0.001949,,0.860944,,BULLISH,HIGH,,
XCHUSDT,0,1,34.072,20.09.2022,37.063433,35.9204,38.93434,47.5826,0.229009,STRONG_DOWN_TREND,BEARISH,MEDIUM,,
FSNUSDT,0,1,0.2041,20.09.2022,47.954823,0.19995,0.231762,,0.37026,,BEARISH,HIGH,,
QRDOUSDT,0,1,0.2027,20.09.2022,25.983291,0.230435,0.267336,0.987132,1.057874,STRONG_DOWN_TREND,OVERSOLD,HIGH,,
PMONUSDT,0,1,1.4338,20.09.2022,55.630923,1.336355,1.343254,2.199461,0.689349,UP_TREND,BULLISH,HIGH,,
MLKUSDT,0,1,0.31941,20.09.2022,32.38327,0.346532,0.379847,0.549899,0.288342,STRONG_DOWN_TREND,BEARISH,MEDIUM,,
BCHSV,0,1,,,,,,,,,,,,
AURORAUSDT,0,1,1.14,20.09.2022,38.536138,1.284135,1.480548,,0.656577,DOWN_TREND,BEARISH,HIGH,,
LITHUSDT,0,1,0.001192,20.09.2022,33.674451,0.001403,0.001516,0.002641,0.788435,STRONG_DOWN_TREND,BEARISH,HIGH,,
MHCUSDT,0,1,0.001717,20.09.2022,41.706792,0.001816,0.00193,0.002698,0.403795,STRONG_DOWN_TREND,BEARISH,HIGH,,
ARKERUSDT,0,1,0.001495,20.09.2022,36.67802,0.001689,0.002256,0.005852,1.734712,STRONG_DOWN_TREND,BEARISH,HIGH,,
SUSHI3SUSDT,0,1,1.47,20.09.2022,51.790698,1.26978,1.364166,14.158576,7.371321,UP_TREND,BULLISH,HIGH,,
TELUSDT,0,1,0.001374,20.09.2022,36.517394,0.001489,0.001579,0.003135,0.507441,STRONG_DOWN_TREND,BEARISH,HIGH,,
UNICUSDT,0,1,6.29,20.09.2022,50.339955,6.2365,6.3962,11.5216,0.622805,DOWN_TREND,BULLISH,HIGH,,
MATIC3LUSDT,0,1,0.006356,20.09.2022,36.553874,0.010773,0.01271,0.167587,8.977862,STRONG_DOWN_TREND,BEARISH,HIGH,,
HARDUSDT,0,1,0.20147,20.09.2022,47.433257,0.204841,0.225187,0.292542,0.45441,STRONG_DOWN_TREND,BEARISH,HIGH,,
SLCLUSDT,0,1,0.0473,20.09.2022,31.517981,0.05375,0.064256,,1.242641,DOWN_TREND,BEARISH,HIGH,,
SWINGBYUSDT,0,1,0.00253,20.09.2022,39.945944,0.002942,0.003966,0.0058,1.031365,STRONG_DOWN_TREND,BEARISH,HIGH,,
KMDUSDT,0,1,0.2516,20.09.2022,43.681628,0.26571,0.281752,0.333712,0.380084,STRONG_DOWN_TREND,BEARISH,HIGH,,
PLUUSDT,0,1,7.122,20.09.2022,31.124529,7.7858,8.27272,8.125595,0.276232,STRONG_DOWN_TREND,BEARISH,MEDIUM,,
GHXUSDT,0,1,0.01711,20.09.2022,37.042191,0.018982,0.020985,0.031484,0.500137,STRONG_DOWN_TREND,BEARISH,HIGH,,
STRONGUSDT,0,1,6.262,20.09.2022,39.295517,6.96615,7.62232,34.03676,1.75077,STRONG_DOWN_TREND,BEARISH,HIGH,,
ZBCUSDT,0,1,0.01323,20.09.2022,45.036518,0.013338,0.018605,,0.5987,DOWN_TREND,BEARISH,HIGH,,
IDEXUSDT,0,1,0.0623,20.09.2022,40.43759,0.066287,0.071456,,0.39197,DOWN_TREND,BEARISH,HIGH,,
CELTUSDT,0,1,0.002677,20.09.2022,36.815415,0.002867,0.003628,,1.04404,DOWN_TREND,BEARISH,HIGH,,
ABBCUSDT,0,1,0.1698,20.09.2022,47.679311,0.18345,0.15888,0.108704,0.219559,UP_TREND,BEARISH,MEDIUM,,
GRINUSDT,0,1,0.11396,20.09.2022,46.325634,0.116421,0.118822,0.16291,0.44925,STRONG_DOWN_TREND,BEARISH,HIGH,,
MTRGUSDT,0,1,3.391,20.09.2022,45.729273,3.59245,3.37006,2.649275,0.301126,UP_TREND,BEARISH,HIGH,,
SCLPUSDT,0,1,0.1837,20.09.2022,38.677105,0.202165,0.22437,0.369287,0.637978,STRONG_DOWN_TREND,BEARISH,HIGH,,
ACEUSDT,0,1,0.01607,20.09.2022,51.812199,0.015636,0.016286,0.026839,0.58989,DOWN_TREND,BULLISH,HIGH,,
STOREUSDT,0,1,0.03976,20.09.2022,51.833774,0.040131,0.038536,,0.381506,,BULLISH,HIGH,,
CCDUSDT,0,1,0.01184,20.09.2022,38.51577,0.012998,0.013833,,0.281485,DOWN_TREND,BEARISH,MEDIUM,,
HIENS4USDT,0,1,0.003778,20.09.2022,47.762513,0.004078,,,0.663005,,BEARISH,HIGH,,
FLAMEUSDT,0,1,0.02963,20.09.2022,37.799519,0.031497,0.034891,0.093412,1.155191,STRONG_DOWN_TREND,BEARISH,HIGH,,
UNBUSDT,0,1,0.001751,20.09.2022,47.790952,0.001815,0.001763,0.003254,0.679316,STRONG_DOWN_TREND,BEARISH,HIGH,,
MATIC3SUSDT,0,1,0.017792,20.09.2022,50.566934,0.013679,0.016286,0.299516,12.905693,UP_TREND,BULLISH,HIGH,,
NAKAUSDT,0,1,0.0583,20.09.2022,41.178246,0.06125,0.070842,0.188318,0.866678,STRONG_DOWN_TREND,BEARISH,HIGH,,
REVUSDT,0,1,,,,,,,,,,,,
ETHOUSDT,0,1,0.0248,20.09.2022,40.311206,0.026568,0.028711,0.02935,0.63417,STRONG_DOWN_TREND,BEARISH,HIGH,,
DFAUSDT,0,1,0.0977,20.09.2022,34.032191,0.10845,0.12577,,8.129714,DOWN_TREND,BEARISH,HIGH,,
GMBUSDT,0,1,0.0001971,20.09.2022,39.511029,0.000215,0.000246,0.00054,1.012507,STRONG_DOWN_TREND,BEARISH,HIGH,,
YFDAIUSDT,0,1,38.34,20.09.2022,71.998014,25.861,29.855,79.39165,0.712879,UP_TREND,OVERBOUGHT,HIGH,,
SUNUSDT,0,1,0.0055098,20.09.2022,39.447233,0.00593,0.006094,0.009123,0.306761,STRONG_DOWN_TREND,BEARISH,HIGH,,
AFKUSDT,0,1,0.00948,20.09.2022,45.72552,0.010096,0.010656,,0.642815,DOWN_TREND,BEARISH,HIGH,,
SOL3SUSDT,0,1,0.4433,20.09.2022,48.065,0.47829,0.454382,1.404438,2.291733,STRONG_DOWN_TREND,BEARISH,HIGH,,
MTVUSDT,0,1,0.001223,20.09.2022,51.2936,0.001163,0.001243,0.002446,0.417896,DOWN_TREND,BULLISH,HIGH,,
MLSUSDT,0,1,0.267,20.09.2022,42.332008,0.27857,0.280942,,0.478596,DOWN_TREND,BEARISH,HIGH,,
SRKUSDT,0,1,0.0003217,20.09.2022,35.119321,0.000344,0.000388,0.00066,0.535356,STRONG_DOWN_TREND,BEARISH,HIGH,,
VELOUSDT,0,1,0.005827,20.09.2022,17.142927,0.008276,0.01435,0.029115,1.349343,STRONG_DOWN_TREND,OVERSOLD,HIGH,,
SKUUSDT,0,1,0.01636,20.09.2022,39.915838,0.017642,0.020944,0.036132,0.875853,STRONG_DOWN_TREND,BEARISH,HIGH,,
DMTRUSDT,0,1,0.0119,20.09.2022,26.538234,0.014653,0.020865,0.087916,2.895506,STRONG_DOWN_TREND,OVERSOLD,HIGH,,
EWTUSDT,0,1,4.075,20.09.2022,49.852121,4.1661,3.8446,3.765905,0.23343,UP_TREND,BEARISH,MEDIUM,,
VEMPUSDT,0,1,0.02278,20.09.2022,38.503535,0.025488,0.028126,,0.626895,DOWN_TREND,BEARISH,HIGH,,
FCLUSDT,0,1,0.02173,20.09.2022,41.380532,0.023514,0.026139,0.049444,0.752806,STRONG_DOWN_TREND,BEARISH,HIGH,,
MODEFIUSDT,0,1,0.2506,20.09.2022,31.476961,0.336515,0.31189,0.371193,0.454645,STRONG_DOWN_TREND,BEARISH,HIGH,,
KYLUSDT,0,1,0.01918,20.09.2022,47.929148,0.019414,0.019762,,0.443349,DOWN_TREND,BEARISH,HIGH,,
WNCGUSDT,0,1,0.108,20.09.2022,53.430952,0.102,0.110234,0.322197,0.64467,DOWN_TREND,BULLISH,HIGH,,
PROMUSDT,0,1,5.427,20.09.2022,39.626514,6.076,6.3724,6.37833,0.437598,STRONG_DOWN_TREND,BEARISH,HIGH,,
USDCUSDT,0,1,0.99992,20.09.2022,49.704614,0.999928,0.999878,1.000298,0.026449,DOWN_TREND,BEARISH,LOW,,
KP3RUSDT,0,1,97.842,20.09.2022,32.940475,109.37815,126.76228,,0.43571,DOWN_TREND,BEARISH,HIGH,,
ADSUSDT,0,1,0.1285,20.09.2022,47.16099,0.126695,0.164464,0.168024,0.402841,DOWN_TREND,BEARISH,HIGH,,
ORCUSDT,0,1,0.1306,20.09.2022,41.548078,0.142665,0.150622,0.190379,0.391369,STRONG_DOWN_TREND,BEARISH,HIGH,,
SHFTUSDT,0,1,0.017,20.09.2022,34.018237,0.02079,0.022234,0.073038,1.344859,STRONG_DOWN_TREND,BEARISH,HIGH,,
BIFIUSDT,0,1,0.00779,20.09.2022,34.612839,0.009039,0.010077,,0.536727,DOWN_TREND,BEARISH,HIGH,,
TRIBEUSDT,0,1,0.2147,20.09.2022,40.417109,0.244935,0.208718,0.305662,0.234739,DOWN_TREND,BEARISH,MEDIUM,,
DFYNUSDT,0,1,0.02854,20.09.2022,32.359969,0.036744,0.043093,0.049429,0.878616,STRONG_DOWN_TREND,BEARISH,HIGH,,
UBXUSDT,0,1,5.17e-05,20.09.2022,48.788736,5.1e-05,5.5e-05,0.00011,0.5948,DOWN_TREND,BEARISH,HIGH,,
APE3LUSDT,0,1,0.5727,20.09.2022,48.987426,0.49156,0.900698,,1.540954,,BEARISH,HIGH,,
REEFUSDT,0,1,0.00445,20.09.2022,50.332143,0.00435,0.004206,0.005689,0.305957,UP_TREND,BULLISH,HIGH,,
UMAUSDT,0,1,2.368,20.09.2022,34.018495,2.63775,2.85826,4.178295,0.384165,STRONG_DOWN_TREND,BEARISH,HIGH,,
ORAIUSDT,0,1,1.696,20.09.2022,39.911984,1.79455,1.94372,3.860825,0.562498,STRONG_DOWN_TREND,BEARISH,HIGH,,
IDEAUSDT,0,1,0.01785,20.09.2022,36.686037,0.019374,0.023956,0.067686,1.131374,STRONG_DOWN_TREND,BEARISH,HIGH,,
MITXUSDT,0,1,0.004733,20.09.2022,39.040602,0.004859,0.005984,0.012709,0.995532,STRONG_DOWN_TREND,BEARISH,HIGH,,
CRPTUSDT,0,1,0.12122,20.09.2022,38.89281,0.129913,0.144927,0.229479,0.719312,STRONG_DOWN_TREND,BEARISH,HIGH,,
CEURUSDT,0,1,0.9889,20.09.2022,45.298173,0.991485,0.998186,1.040266,0.040305,STRONG_DOWN_TREND,BEARISH,LOW,,
MARSHUSDT,0,1,0.0586,20.09.2022,34.457211,0.064335,0.071574,0.160284,0.993157,STRONG_DOWN_TREND,BEARISH,HIGH,,
NTVRKUSDT,0,1,0.1791,20.09.2022,30.739966,0.211545,0.341462,0.738613,0.95479,STRONG_DOWN_TREND,BEARISH,HIGH,,
DYPUSDT,0,1,0.1739,20.09.2022,41.856481,0.17733,0.213138,0.186876,0.461601,STRONG_DOWN_TREND,BEARISH,HIGH,,
TWTUSDT,0,1,0.9089,20.09.2022,37.951022,0.981715,1.034648,0.907556,0.218504,DOWN_TREND,BEARISH,MEDIUM,,
RLCUSDT,0,1,1.2306,20.09.2022,49.808416,1.215035,1.251214,1.307706,0.298322,DOWN_TREND,BEARISH,MEDIUM,,
SUSHI3LUSDT,0,1,0.153117,20.09.2022,36.607747,0.269538,0.418645,0.627361,3.726797,STRONG_DOWN_TREND,BEARISH,HIGH,,
KATUSDT,0,1,0.0011128,20.09.2022,53.454453,0.000965,0.00081,0.001122,0.717308,UP_TREND,BULLISH,HIGH,,
FORTHUSDT,0,1,4.5857,20.09.2022,44.406204,4.73575,5.057132,4.78165,0.374489,STRONG_DOWN_TREND,BEARISH,HIGH,,
XYMUSDT,0,1,0.03804,20.09.2022,31.931694,0.041002,0.047479,0.076184,0.335403,STRONG_DOWN_TREND,BEARISH,HIGH,,
XVSUSDT,0,1,4.5949,20.09.2022,39.861258,4.768455,5.519806,6.659505,0.362486,STRONG_DOWN_TREND,BEARISH,HIGH,,
FRAUSDT,0,1,0.003895,20.09.2022,30.479773,0.005244,0.006708,,0.820183,DOWN_TREND,BEARISH,HIGH,,
FXSUSDT,0,1,5.176,20.09.2022,35.686786,5.89055,6.2683,12.42088,0.6382,STRONG_DOWN_TREND,BEARISH,HIGH,,
JUPUSDT,0,1,0.007782,20.09.2022,35.015564,0.008925,0.010617,0.011295,0.550773,STRONG_DOWN_TREND,BEARISH,HIGH,,
KONOUSDT,0,1,0.02568,20.09.2022,44.01743,0.028735,0.031396,0.059954,0.988952,STRONG_DOWN_TREND,BEARISH,HIGH,,
FORESTPLUSUSDT,0,1,0.0051102,20.09.2022,42.796109,0.005322,0.005909,0.007299,0.561312,STRONG_DOWN_TREND,BEARISH,HIGH,,
BTTUSDT,0,1,7.864e-07,20.09.2022,34.184197,1e-06,1e-06,1e-06,0.209525,STRONG_DOWN_TREND,BEARISH,MEDIUM,,
AVAX3LUSDT,0,1,0.000389,20.09.2022,33.411621,0.000625,0.001265,0.186969,187.729557,STRONG_DOWN_TREND,BEARISH,HIGH,,
BETAUSDT,0,1,0.09238,20.09.2022,35.089122,0.104413,0.119066,,0.485874,DOWN_TREND,BEARISH,HIGH,,
INDIUSDT,0,1,0.1311,20.09.2022,33.225028,0.13561,0.13962,,0.224125,DOWN_TREND,BEARISH,MEDIUM,,
CHMBUSDT,0,1,0.000374,20.09.2022,39.763418,0.000425,0.000592,0.003337,2.905007,STRONG_DOWN_TREND,BEARISH,HIGH,,
YLDUSDT,0,1,0.09943,20.09.2022,53.536287,0.100253,0.092341,0.145934,0.2283,DOWN_TREND,BULLISH,MEDIUM,,
WOMBATUSDT,0,1,0.003586,20.09.2022,35.435473,0.003776,0.006699,,0.748356,DOWN_TREND,BEARISH,HIGH,,
WNXMUSDT,0,1,15.2289,20.09.2022,43.967444,16.08514,17.18583,20.404242,0.406867,STRONG_DOWN_TREND,BEARISH,HIGH,,
LOKAUSDT,0,1,0.5286,20.09.2022,40.27625,0.57792,0.647212,,0.698065,DOWN_TREND,BEARISH,HIGH,,
XPRTUSDT,0,1,0.605,20.09.2022,33.880954,0.64195,0.69462,1.655295,0.613423,STRONG_DOWN_TREND,BEARISH,HIGH,,
HIBAYCUSDT,0,1,0.1113,20.09.2022,53.842176,0.105353,0.113469,,0.332487,,BULLISH,HIGH,,
TRVLUSDT,0,1,0.06037,20.09.2022,46.500598,0.061467,0.061069,0.086755,0.629676,STRONG_DOWN_TREND,BEARISH,HIGH,,
CASUSDT,0,1,0.007467,20.09.2022,49.934053,0.007513,0.007946,0.008309,0.346174,STRONG_DOWN_TREND,BEARISH,HIGH,,
CFGUSDT,0,1,0.323,20.09.2022,41.393662,0.34126,0.351342,0.362026,0.353659,STRONG_DOWN_TREND,BEARISH,HIGH,,
CTSIUSDT,0,1,0.1341,20.09.2022,40.510297,0.14543,0.156166,0.226263,0.37773,STRONG_DOWN_TREND,BEARISH,HIGH,,
FLUXUSDT,0,1,0.9012,20.09.2022,41.181772,1.14728,0.970162,0.964946,0.295254,STRONG_DOWN_TREND,BEARISH,MEDIUM,,
MIRUSDT,0,1,0.2074,20.09.2022,47.931714,0.21906,0.208542,0.657106,0.863356,STRONG_DOWN_TREND,BEARISH,HIGH,,
CBCUSDT,0,1,0.00834,20.09.2022,42.710886,0.008911,0.009621,0.020596,0.702432,STRONG_DOWN_TREND,BEARISH,HIGH,,
MNETUSDT,0,1,0.00172,20.09.2022,45.725272,0.001693,0.002061,0.006723,1.513413,DOWN_TREND,BEARISH,HIGH,,
POLCUSDT,0,1,0.03536,20.09.2022,27.076819,0.040995,0.052178,0.118559,0.942677,STRONG_DOWN_TREND,OVERSOLD,HIGH,,
ERGUSDT,0,1,3.0873,20.09.2022,40.952598,4.24903,3.401894,3.036523,0.267162,DOWN_TREND,BEARISH,MEDIUM,,
CREDIUSDT,0,1,0.001566,20.09.2022,47.119703,0.00158,0.001695,0.004591,1.180876,STRONG_DOWN_TREND,BEARISH,HIGH,,
CROUSDT,0,1,0.1029,20.09.2022,34.9926,0.11433,0.128496,0.225834,0.316556,STRONG_DOWN_TREND,BEARISH,HIGH,,
MVUSDT,0,1,0.20425,20.09.2022,41.751839,0.217267,0.212144,,0.514788,DOWN_TREND,BEARISH,HIGH,,
JASMY3SUSDT,0,1,14.4186,20.09.2022,64.525703,10.28938,9.86176,,0.494882,UP_TREND,BULLISH,HIGH,,
MAPUSDT,0,1,0.01169,20.09.2022,38.460915,0.013294,0.01285,0.015247,0.295506,STRONG_DOWN_TREND,BEARISH,MEDIUM,,
FEARUSDT,0,1,0.14812,20.09.2022,44.334567,0.160402,0.161317,0.266276,0.632614,STRONG_DOWN_TREND,BEARISH,HIGH,,
XHVUSDT,0,1,0.4553,20.09.2022,36.268229,0.514665,0.547566,1.736678,1.469198,STRONG_DOWN_TREND,BEARISH,HIGH,,
GALAX3SUSDT,0,1,1.6732,20.09.2022,60.287732,1.288385,1.118072,2.985324,1.427829,UP_TREND,BULLISH,HIGH,,
ADA3LUSDT,0,1,1.973286,20.09.2022,38.693937,2.708038,3.267959,3.245606,1.254839,STRONG_DOWN_TREND,BEARISH,HIGH,,
DOT3SUSDT,0,1,1.1998,20.09.2022,62.633344,0.885465,0.858286,1.915668,0.984701,UP_TREND,BULLISH,HIGH,,
TRUUSDT,0,1,0.0559,20.09.2022,38.756746,0.062299,0.070405,0.115095,0.53496,STRONG_DOWN_TREND,BEARISH,HIGH,,
DVPNUSDT,0,1,0.000697,20.09.2022,33.864616,0.000776,0.000854,0.002113,0.617313,STRONG_DOWN_TREND,BEARISH,HIGH,,
VSYSUSDT,0,1,0.001419,20.09.2022,40.165288,0.001517,0.001591,0.005443,0.732697,STRONG_DOWN_TREND,BEARISH,HIGH,,
UNFIUSDT,0,1,6.165,20.09.2022,38.227765,7.283,8.47548,5.942335,0.579036,DOWN_TREND,BEARISH,HIGH,,
MANA3LUSDT,0,1,0.000515,20.09.2022,35.717984,0.000688,0.001198,0.075885,48.737876,STRONG_DOWN_TREND,BEARISH,HIGH,,
FCDUSDT,0,1,0.05358,20.09.2022,67.151364,0.052879,0.048096,,0.138055,UP_TREND,BULLISH,MEDIUM,,
PREUSDT,0,1,0.070476,20.09.2022,40.446263,0.07464,0.080571,0.117266,0.411528,STRONG_DOWN_TREND,BEARISH,HIGH,,
GARIUSDT,0,1,0.0605,20.09.2022,35.288232,0.06373,0.071204,0.382652,1.67842,STRONG_DOWN_TREND,BEARISH,HIGH,,
GLMUSDT,0,1,0.2756,20.09.2022,48.377405,0.283855,0.273428,0.322732,0.343622,DOWN_TREND,BEARISH,HIGH,,
BICOUSDT,0,1,0.4316,20.09.2022,35.499281,0.4917,0.540982,,0.444727,DOWN_TREND,BEARISH,HIGH,,
CGGUSDT,0,1,0.098,20.09.2022,40.69352,0.10123,0.109106,0.203104,0.415421,STRONG_DOWN_TREND,BEARISH,HIGH,,
CKBUSDT,0,1,0.003937,20.09.2022,48.685336,0.003883,0.004235,0.006408,0.325185,DOWN_TREND,BEARISH,HIGH,,
ANTUSDT,0,1,1.6372,20.09.2022,42.857151,1.809475,1.838996,2.651149,0.417028,STRONG_DOWN_TREND,BEARISH,HIGH,,
PUNDIXUSDT,0,1,0.5538,20.09.2022,50.257839,0.54288,0.572514,0.6057,0.414005,DOWN_TREND,BULLISH,HIGH,,
CUSDUSDT,0,1,0.9959,20.09.2022,50.434763,0.995985,0.995098,0.995791,0.020139,UP_TREND,BULLISH,LOW,,
LTOUSDT,0,1,0.0774,20.09.2022,39.640935,0.083116,0.090144,0.130022,0.367572,STRONG_DOWN_TREND,BEARISH,HIGH,,
MANA3SUSDT,0,1,0.7665,20.09.2022,56.064219,0.682655,0.561064,1.171447,1.191477,UP_TREND,BULLISH,HIGH,,
GLCHUSDT,0,1,0.0768,20.09.2022,41.351831,0.08213,0.088542,0.175299,0.509286,STRONG_DOWN_TREND,BEARISH,HIGH,,
URUSUSDT,0,1,16.806,20.09.2022,34.132761,17.98525,20.39696,,0.526571,DOWN_TREND,BEARISH,HIGH,,
MXWUSDT,0,1,0.003994,20.09.2022,45.542985,0.004087,0.004515,0.005198,0.616483,STRONG_DOWN_TREND,BEARISH,HIGH,,
MEMUSDT,0,1,0.0247,20.09.2022,47.990719,0.024608,0.02787,0.041137,0.660595,DOWN_TREND,BEARISH,HIGH,,
KARAUSDT,0,1,0.0053,20.09.2022,27.53145,0.00656,0.009376,,70.373848,DOWN_TREND,OVERSOLD,HIGH,,
KDONUSDT,0,1,0.0176,20.09.2022,36.931995,0.020502,0.023332,0.058812,1.802156,STRONG_DOWN_TREND,BEARISH,HIGH,,
DGUSDT,0,1,0.05172,20.09.2022,37.547706,0.057239,0.063661,,0.361478,DOWN_TREND,BEARISH,HIGH,,
LTXUSDT,0,1,0.5122,20.09.2022,46.23619,0.53371,0.574478,0.6695,0.337132,STRONG_DOWN_TREND,BEARISH,HIGH,,
VEGAUSDT,0,1,1.2188,20.09.2022,39.744656,1.28128,1.484028,2.496959,0.597727,STRONG_DOWN_TREND,BEARISH,HIGH,,
MAHAUSDT,0,1,0.9392,20.09.2022,40.375803,1.026875,1.134386,1.926098,0.509713,STRONG_DOWN_TREND,BEARISH,HIGH,,
LACEUSDT,0,1,0.0079,20.09.2022,45.361866,0.007953,0.008875,0.027438,1.169468,STRONG_DOWN_TREND,BEARISH,HIGH,,
FCONUSDT,0,1,0.000563,20.09.2022,55.898158,0.000463,0.000513,0.001284,0.633733,UP_TREND,BULLISH,HIGH,,
ITAMCUBEUSDT,0,1,0.1053,20.09.2022,48.999782,0.11793,0.093388,,0.637957,,BEARISH,HIGH,,
PELUSDT,0,1,0.01364,20.09.2022,45.808439,0.013979,0.015457,0.032493,0.848099,STRONG_DOWN_TREND,BEARISH,HIGH,,
HEGICUSDT,0,1,0.007983,20.09.2022,45.25104,0.008428,0.008626,0.014215,0.605064,STRONG_DOWN_TREND,BEARISH,HIGH,,
SDLUSDT,0,1,0.03334,20.09.2022,,,,,0.233053,,,MEDIUM,,
BLOKUSDT,0,1,0.002902,20.09.2022,32.430709,0.003205,0.003803,0.008199,0.738959,STRONG_DOWN_TREND,BEARISH,HIGH,,
LONUSDT,0,1,0.5819,20.09.2022,37.455444,0.60648,0.642522,0.787494,0.217213,STRONG_DOWN_TREND,BEARISH,MEDIUM,,
AGIXUSDT,0,1,0.05261,20.09.2022,54.898919,0.048068,0.047387,0.072881,0.35484,UP_TREND,BULLISH,HIGH,,
XCADUSDT,0,1,1.8845,20.09.2022,52.171826,1.83612,1.743542,2.544938,0.426273,UP_TREND,BULLISH,HIGH,,
RACEFIUSDT,0,1,0.01749,20.09.2022,37.917791,0.019404,0.022757,0.042683,1.162531,STRONG_DOWN_TREND,BEARISH,HIGH,,
DOT3LUSDT,0,1,0.000949,20.09.2022,33.274619,0.001539,0.002115,0.05878,22.733824,STRONG_DOWN_TREND,BEARISH,HIGH,,
PDEXUSDT,0,1,1.3935,20.09.2022,41.998304,1.468655,1.671754,2.741883,0.427495,STRONG_DOWN_TREND,BEARISH,HIGH,,
LUNCUSDT,0,1,0.00029083,20.09.2022,50.778619,0.000339,0.000201,,0.308176,,BULLISH,HIGH,,
EQZUSDT,0,1,0.02611,20.09.2022,51.72827,0.024685,0.025104,0.050058,0.663569,UP_TREND,BULLISH,HIGH,,
UNI3SUSDT,0,1,1.1265,20.09.2022,57.340504,0.86767,0.754998,12.444403,7.495934,UP_TREND,BULLISH,HIGH,,
BADGERUSDT,0,1,3.918,20.09.2022,43.820009,4.217375,4.28346,5.768305,0.408951,STRONG_DOWN_TREND,BEARISH,HIGH,,
TKOUSDT,0,1,0.254,20.09.2022,39.949225,0.266575,0.291162,0.439099,0.367769,STRONG_DOWN_TREND,BEARISH,HIGH,,
VLXUSDT,0,1,0.04439,20.09.2022,54.774902,0.041578,0.042076,0.102281,0.448917,UP_TREND,BULLISH,HIGH,,
GMEEUSDT,0,1,0.01123,20.09.2022,46.367284,0.011334,0.012224,0.033203,0.714087,STRONG_DOWN_TREND,BEARISH,HIGH,,
BFCUSDT,0,1,0.06244,20.09.2022,36.837637,0.069818,0.076706,,0.343444,DOWN_TREND,BEARISH,HIGH,,
NOIAUSDT,0,1,0.055504,20.09.2022,37.433278,0.058106,0.066278,0.090975,0.363382,STRONG_DOWN_TREND,BEARISH,HIGH,,
FRONTUSDT,0,1,0.2195,20.09.2022,44.296624,0.22846,0.245932,0.319888,0.391467,STRONG_DOWN_TREND,BEARISH,HIGH,,
PNTUSDT,0,1,0.2626,20.09.2022,55.26134,0.246265,0.271926,0.35033,0.376016,DOWN_TREND,BULLISH,HIGH,,
ICXUSDT,0,1,0.2374,20.09.2022,36.00135,0.26641,0.293682,,0.223297,DOWN_TREND,BEARISH,MEDIUM,,
XWGUSDT,0,1,0.005367,20.09.2022,45.427186,0.005493,0.0061,,0.614257,DOWN_TREND,BEARISH,HIGH,,
MNWUSDT,0,1,0.5032,20.09.2022,45.497444,0.543815,0.525984,0.737289,0.394735,STRONG_DOWN_TREND,BEARISH,HIGH,,
SINUSDT,0,1,0.0137,20.09.2022,45.914774,0.01387,0.014378,,0.409524,DOWN_TREND,BEARISH,HIGH,,
COVUSDT,0,1,0.2501,20.09.2022,51.781326,0.25577,0.210594,0.2186,0.248436,UP_TREND,BULLISH,MEDIUM,,
NGMUSDT,0,1,0.2018,20.09.2022,28.508668,0.239925,0.322912,0.754184,0.839627,STRONG_DOWN_TREND,OVERSOLD,HIGH,,
SUKUUSDT,0,1,0.07882,20.09.2022,42.607538,0.082732,0.089145,0.138852,0.463482,STRONG_DOWN_TREND,BEARISH,HIGH,,
APLUSDT,0,1,0.000844,20.09.2022,43.801926,0.000961,0.000908,0.000919,0.345223,STRONG_DOWN_TREND,BEARISH,HIGH,,
DIVIUSDT,0,1,0.02394,20.09.2022,68.958907,0.018507,0.017973,0.037572,0.318486,UP_TREND,BULLISH,HIGH,,
STEPWATCHUSDT,0,1,0.0116,20.09.2022,19.843201,0.015738,,,1.234961,,OVERSOLD,HIGH,,
STARLYUSDT,0,1,0.08307,20.09.2022,38.847409,0.092768,0.099552,0.300636,1.313578,STRONG_DOWN_TREND,BEARISH,HIGH,,
GALAX3LUSDT,0,1,0.04516,20.09.2022,32.250361,0.084649,0.144927,0.324324,8.19902,STRONG_DOWN_TREND,BEARISH,HIGH,,
SDAOUSDT,0,1,0.343,20.09.2022,39.601954,0.36774,0.390774,0.751722,0.497158,STRONG_DOWN_TREND,BEARISH,HIGH,,
BONDUSDT,0,1,5.041,20.09.2022,31.836891,6.0554,6.95692,6.33818,0.609301,STRONG_DOWN_TREND,BEARISH,HIGH,,
STMXUSDT,0,1,0.00698,20.09.2022,40.19664,0.007588,0.008258,0.011146,0.452685,STRONG_DOWN_TREND,BEARISH,HIGH,,
VOXELUSDT,0,1,0.2673,20.09.2022,36.576812,0.291035,0.337112,,0.557643,DOWN_TREND,BEARISH,HIGH,,
LOCUSDT,0,1,0.79532,20.09.2022,32.013539,0.964082,1.089508,1.647466,0.698683,STRONG_DOWN_TREND,BEARISH,HIGH,,
CEREUSDT,0,1,0.006304,20.09.2022,45.36279,0.006318,0.006525,0.01317,0.406854,STRONG_DOWN_TREND,BEARISH,HIGH,,
BCH3SUSDT,0,1,3.8494,20.09.2022,50.626171,3.56321,3.860278,6.770956,1.008819,DOWN_TREND,BULLISH,HIGH,,
WXTUSDT,0,1,0.004886,20.09.2022,23.12672,0.005247,0.00592,0.007846,0.261977,STRONG_DOWN_TREND,OVERSOLD,MEDIUM,,
HIODBSUSDT,0,1,0.006532,20.09.2022,,,,,0.446418,,,HIGH,,
SONUSDT,0,1,0.000375,20.09.2022,48.444921,0.000368,0.000411,,2.179109,,BEARISH,HIGH,,
BULLUSDT,0,1,0.008136,20.09.2022,34.204714,0.008437,0.009216,,0.95979,DOWN_TREND,BEARISH,HIGH,,
FTM3SUSDT,0,1,0.0601,20.09.2022,59.65629,0.048065,0.037828,0.190969,3.028558,UP_TREND,BULLISH,HIGH,,
JAMUSDT,0,1,0.003623,20.09.2022,20.974791,0.003973,0.004561,,0.520605,DOWN_TREND,OVERSOLD,HIGH,,
VRAUSDT,0,1,0.00416199,20.09.2022,37.822769,0.004534,0.005277,0.010649,0.559283,STRONG_DOWN_TREND,BEARISH,HIGH,,
TLOSUSDT,0,1,0.17444,20.09.2022,36.265224,0.181674,0.19095,0.398989,0.417438,STRONG_DOWN_TREND,BEARISH,HIGH,,
RBPUSDT,0,1,0.0099,20.09.2022,24.980633,0.021375,0.031662,,1.497434,DOWN_TREND,OVERSOLD,HIGH,,
TAUMUSDT,0,1,0.00112,20.09.2022,29.230785,0.001382,0.00212,,6.844725,DOWN_TREND,OVERSOLD,HIGH,,
MLNUSDT,0,1,19.929,20.09.2022,30.044803,22.53695,24.96234,35.168885,0.510851,STRONG_DOWN_TREND,BEARISH,HIGH,,
CWSUSDT,0,1,0.499,20.09.2022,40.873568,0.5126,0.62046,1.594355,0.741544,STRONG_DOWN_TREND,BEARISH,HIGH,,
JASMY3LUSDT,0,1,0.5452,20.09.2022,30.970426,1.12566,1.646684,,2.42576,DOWN_TREND,BEARISH,HIGH,,
ONSTONUSDT,0,1,0.01375,20.09.2022,47.521116,0.01458,0.013129,0.048313,1.106327,DOWN_TREND,BEARISH,HIGH,,
GMMUSDT,0,1,0.000865,20.09.2022,36.081194,0.000924,0.001155,,0.715798,DOWN_TREND,BEARISH,HIGH,,
GOVIUSDT,0,1,0.2481,20.09.2022,47.193406,0.243495,0.286926,0.522357,0.429486,DOWN_TREND,BEARISH,HIGH,,
ILAUSDT,0,1,0.002527,20.09.2022,30.260771,0.003011,0.003588,0.010022,1.601311,STRONG_DOWN_TREND,BEARISH,HIGH,,
SOLVEUSDT,0,1,0.0352,20.09.2022,37.299157,0.03914,0.04223,0.051155,0.411064,STRONG_DOWN_TREND,BEARISH,HIGH,,
CAKEUSDT,0,1,4.311,20.09.2022,55.123067,4.18885,4.11042,5.118945,0.223777,UP_TREND,BULLISH,MEDIUM,,
XTMUSDT,0,1,0.02777,20.09.2022,40.776897,0.028696,0.033548,0.07162,0.659073,STRONG_DOWN_TREND,BEARISH,HIGH,,
XYOUSDT,0,1,0.007227,20.09.2022,39.109913,0.007786,0.008194,0.011263,0.355132,STRONG_DOWN_TREND,BEARISH,HIGH,,
TTUSDT,0,1,0.004972,20.09.2022,30.876837,0.005456,,,0.116823,,BEARISH,MEDIUM,,
CSPRUSDT,0,1,0.02716,20.09.2022,42.376103,0.028274,0.030421,,0.208026,DOWN_TREND,BEARISH,MEDIUM,,
UBXTUSDT,0,1,0.0050464,20.09.2022,18.119518,0.005683,0.006115,0.008563,0.233262,STRONG_DOWN_TREND,OVERSOLD,MEDIUM,,
OOKIUSDT,0,1,0.005087,20.09.2022,38.278649,0.005898,0.006464,0.007958,0.508608,STRONG_DOWN_TREND,BEARISH,HIGH,,
OXTUSDT,0,1,0.0997,20.09.2022,38.875417,0.10602,0.112328,0.156234,0.34864,STRONG_DOWN_TREND,BEARISH,HIGH,,
BRWLUSDT,0,1,0.00438,20.09.2022,40.693767,0.004638,0.005662,,2.530159,DOWN_TREND,BEARISH,HIGH,,
SHIBUSDT,0,1,1.068e-05,20.09.2022,37.617127,1.2e-05,1.3e-05,1.6e-05,0.30612,STRONG_DOWN_TREND,BEARISH,HIGH,,
PLYUSDT,0,1,0.001379,20.09.2022,50.460294,0.001335,0.001467,,0.74,,BULLISH,HIGH,,
OGVUSDT,0,1,0.00442,20.09.2022,39.195038,0.004636,0.005482,,0.456823,DOWN_TREND,BEARISH,HIGH,,
DREAMSUSDT,0,1,0.002632,20.09.2022,51.469947,0.002532,0.002792,0.006998,0.738666,DOWN_TREND,BULLISH,HIGH,,
XPRUSDT,0,1,0.002422,20.09.2022,33.929253,0.002821,0.003272,0.005964,0.543587,STRONG_DOWN_TREND,BEARISH,HIGH,,
KLVUSDT,0,1,0.00417,20.09.2022,20.852003,0.005376,0.007394,0.017693,0.92757,STRONG_DOWN_TREND,OVERSOLD,HIGH,,
ALEPHUSDT,0,1,0.112313,20.09.2022,28.345882,0.146806,0.215162,0.256,0.214068,STRONG_DOWN_TREND,OVERSOLD,MEDIUM,,
POWRUSDT,0,1,0.1917,20.09.2022,37.654906,0.20993,0.228634,0.3275,0.387622,STRONG_DOWN_TREND,BEARISH,HIGH,,
RLYUSDT,0,1,0.02356,20.09.2022,29.984577,0.028451,0.034511,0.087938,0.717728,STRONG_DOWN_TREND,OVERSOLD,HIGH,,
GODSUSDT,0,1,0.4043,20.09.2022,59.508196,0.339505,0.366174,0.689966,0.610253,UP_TREND,BULLISH,HIGH,,
NHCTUSDT,0,1,0.0706,20.09.2022,41.01626,0.07394,0.083348,,0.747166,DOWN_TREND,BEARISH,HIGH,,
WINUSDT,0,1,9.795e-05,20.09.2022,34.350271,0.000105,0.000123,0.000181,0.343502,STRONG_DOWN_TREND,BEARISH,HIGH,,
GGGUSDT,0,1,0.0586,20.09.2022,31.726992,0.064135,0.077458,0.310226,1.236364,STRONG_DOWN_TREND,BEARISH,HIGH,,
DATAUSDT,0,1,0.0305,20.09.2022,46.587378,0.030965,0.033426,0.045647,0.371969,STRONG_DOWN_TREND,BEARISH,HIGH,,
H2OUSDT,0,1,0.3185,20.09.2022,38.097467,0.30906,0.473294,,0.658166,,BEARISH,HIGH,,
TRIASUSDT,0,1,0.9701,20.09.2022,32.475318,1.074583,1.262471,2.418458,0.593633,STRONG_DOWN_TREND,BEARISH,HIGH,,
MANUSDT,0,1,0.006009,20.09.2022,46.92742,0.006168,0.006863,0.011381,0.499926,STRONG_DOWN_TREND,BEARISH,HIGH,,
TITANUSDT,0,1,1.114,20.09.2022,53.836374,1.041,1.10424,,0.793506,UP_TREND,BULLISH,HIGH,,
OPULUSDT,0,1,0.10177,20.09.2022,40.143078,0.120062,0.117286,0.255167,0.853664,STRONG_DOWN_TREND,BEARISH,HIGH,,
PLGRUSDT,0,1,0.0013912,20.09.2022,75.627923,0.000616,0.000546,0.00259,0.758827,UP_TREND,OVERBOUGHT,HIGH,,
REQUSDT,0,1,0.1048,20.09.2022,40.301475,0.11533,0.121234,0.150136,0.359052,STRONG_DOWN_TREND,BEARISH,HIGH,,
HAIUSDT,0,1,0.01652,20.09.2022,42.338035,0.016488,0.018279,0.030074,0.381884,DOWN_TREND,BEARISH,HIGH,,
FRMUSDT,0,1,0.02283,20.09.2022,38.644977,0.024782,0.028491,0.044088,0.702309,STRONG_DOWN_TREND,BEARISH,HIGH,,
CFXUSDT,0,1,0.04378,20.09.2022,39.565164,0.051009,0.054288,,0.40532,DOWN_TREND,BEARISH,HIGH,,
VET3LUSDT,0,1,0.013567,20.09.2022,36.934068,0.017577,0.027542,0.537253,24.185532,STRONG_DOWN_TREND,BEARISH,HIGH,,
ERSDLUSDT,0,1,0.00544,20.09.2022,38.47761,0.006073,0.006674,0.009634,0.843824,STRONG_DOWN_TREND,BEARISH,HIGH,,
UOSUSDT,0,1,0.39975,20.09.2022,53.616181,0.391354,0.361374,0.572122,0.297692,UP_TREND,BULLISH,MEDIUM,,
REAPUSDT,0,1,0.017664,20.09.2022,24.718254,0.019817,0.04566,0.067837,1.130083,STRONG_DOWN_TREND,OVERSOLD,HIGH,,
BURPUSDT,0,1,0.00284,20.09.2022,40.850784,0.00329,0.003914,0.015993,2.01572,STRONG_DOWN_TREND,BEARISH,HIGH,,
WALUSDT,0,1,0.03068,20.09.2022,43.021319,0.030748,0.04056,,1.765965,DOWN_TREND,BEARISH,HIGH,,
BNB3SUSDT,0,1,1.9063,20.09.2022,52.055604,1.814215,1.744938,3.825433,0.904736,UP_TREND,BULLISH,HIGH,,
LSSUSDT,0,1,0.16347,20.09.2022,41.627975,0.167654,0.191698,0.278261,0.525562,STRONG_DOWN_TREND,BEARISH,HIGH,,
SOSUSDT,0,1,2.305e-07,20.09.2022,37.467401,0.0,0.0,1e-06,0.803435,UP_TREND,BEARISH,HIGH,,
WSIENNAUSDT,0,1,0.7586,20.09.2022,46.256848,0.776245,0.823408,2.145248,0.68741,STRONG_DOWN_TREND,BEARISH,HIGH,,
LAYERUSDT,0,1,0.04783,20.09.2022,30.811987,0.055832,0.059827,0.099368,0.55825,STRONG_DOWN_TREND,BEARISH,HIGH,,
BONDLYUSDT,0,1,0.00716,20.09.2022,24.229969,0.007994,0.009819,0.018702,0.583514,STRONG_DOWN_TREND,OVERSOLD,HIGH,,
FIDAUSDT,0,1,0.4247,20.09.2022,45.624194,0.43947,0.472342,,0.27665,DOWN_TREND,BEARISH,MEDIUM,,
PLDUSDT,0,1,0.0514,20.09.2022,37.625786,0.05462,0.06376,,1.745325,DOWN_TREND,BEARISH,HIGH,,
CULTUSDT,0,1,6.866e-06,20.09.2022,31.331581,8e-06,1e-05,,0.54824,DOWN_TREND,BEARISH,HIGH,,
ACOINUSDT,0,1,0.022763,20.09.2022,50.690484,0.022739,0.022721,0.11134,1.549045,UP_TREND,BULLISH,HIGH,,
EPKUSDT,0,1,0.00898,20.09.2022,33.193852,0.010202,0.01089,,1.116378,DOWN_TREND,BEARISH,HIGH,,
STNDUSDT,0,1,0.04046,20.09.2022,40.957478,0.042881,0.053273,0.094025,0.821186,STRONG_DOWN_TREND,BEARISH,HIGH,,
NEAR3LUSDT,0,1,0.001146,20.09.2022,37.716971,0.001909,0.002834,0.302564,140.904158,STRONG_DOWN_TREND,BEARISH,HIGH,,
OPCTUSDT,0,1,0.03525,20.09.2022,40.45379,0.037933,0.041998,0.084231,0.829917,STRONG_DOWN_TREND,BEARISH,HIGH,,
SUPERUSDT,0,1,0.1234,20.09.2022,36.912697,0.135195,0.148438,0.309985,0.550344,STRONG_DOWN_TREND,BEARISH,HIGH,,
FLYUSDT,0,1,0.002278,20.09.2022,55.811526,0.001953,0.00111,0.00179,0.46599,STRONG_UP_TREND,BULLISH,HIGH,,
AURYUSDT,0,1,1.406,20.09.2022,14.805592,1.58665,1.84802,4.42187,0.447885,STRONG_DOWN_TREND,OVERSOLD,HIGH,,
AAVE3LUSDT,0,1,0.000426,20.09.2022,35.442222,0.000712,0.001105,0.037785,50.721907,STRONG_DOWN_TREND,BEARISH,HIGH,,
HIENS3USDT,0,1,0.0394,20.09.2022,36.172403,,,,0.379188,,BEARISH,HIGH,,
TRBUSDT,0,1,14.275,20.09.2022,34.598297,16.9636,28.43864,19.37535,0.544329,STRONG_DOWN_TREND,BEARISH,HIGH,,
PEELUSDT,0,1,0.1162,20.09.2022,,,,,0.453242,,,HIGH,,
SUTERUSDT,0,1,0.00063,20.09.2022,44.645716,0.000756,0.000676,0.001272,0.681703,STRONG_DOWN_TREND,BEARISH,HIGH,,
ETH3SUSDT,0,1,0.0039,20.09.2022,54.810674,0.003061,0.003354,0.012918,2.245794,UP_TREND,BULLISH,HIGH,,
RFUELUSDT,0,1,0.006697,20.09.2022,32.650228,0.007613,0.008573,0.014047,0.47878,STRONG_DOWN_TREND,BEARISH,HIGH,,
TXAUSDT,0,1,0.4985,20.09.2022,48.303799,0.491455,0.555612,1.078256,0.990129,DOWN_TREND,BEARISH,HIGH,,
NORDUSDT,0,1,0.2468,20.09.2022,41.546517,0.25771,0.277668,0.51662,0.610336,STRONG_DOWN_TREND,BEARISH,HIGH,,
BTC3SUSDT,0,1,1.6801,20.09.2022,55.632601,1.56115,1.470218,1.564474,0.414136,STRONG_UP_TREND,BULLISH,HIGH,,
DSLAUSDT,0,1,0.0007732,20.09.2022,36.425063,0.000826,0.000914,0.001457,0.45246,STRONG_DOWN_TREND,BEARISH,HIGH,,
AXS3LUSDT,0,1,0.000855,20.09.2022,36.761572,0.001256,0.002,0.087971,53.028046,STRONG_DOWN_TREND,BEARISH,HIGH,,
NDAUUSDT,0,1,13.432,20.09.2022,33.168141,14.7649,14.97032,12.62179,0.129539,DOWN_TREND,BEARISH,MEDIUM,,
BUSDUSDT,0,1,0.9997,20.09.2022,47.221675,0.999895,0.999732,,0.015126,DOWN_TREND,BEARISH,LOW,,
EFXUSDT,0,1,0.004406,20.09.2022,47.024739,0.004504,0.004518,0.006699,0.444959,STRONG_DOWN_TREND,BEARISH,HIGH,,
RSRUSDT,0,1,0.005298,20.09.2022,37.51417,0.005986,0.006474,0.008776,0.487328,STRONG_DOWN_TREND,BEARISH,HIGH,,
ARXUSDT,0,1,0.00192,20.09.2022,36.42746,0.00208,0.002532,0.004685,0.78155,STRONG_DOWN_TREND,BEARISH,HIGH,,
ISPUSDT,0,1,0.000654,20.09.2022,35.442937,0.000757,0.000841,0.001518,0.552076,STRONG_DOWN_TREND,BEARISH,HIGH,,
AAVE3SUSDT,0,1,0.0868,20.09.2022,52.118106,0.06911,0.071592,2.473274,18.040373,UP_TREND,BULLISH,HIGH,,
AUSDUSDT,0,1,0.808,20.09.2022,55.320612,0.753595,0.817524,,0.206767,,BULLISH,MEDIUM,,
SWFTCUSDT,0,1,0.001541,20.09.2022,45.531213,0.001595,0.0018,,0.508747,DOWN_TREND,BEARISH,HIGH,,
TIDALUSDT,0,1,0.0003262,20.09.2022,47.805846,0.000325,0.000345,0.000637,0.808122,DOWN_TREND,BEARISH,HIGH,,
CUDOSUSDT,0,1,0.00681,20.09.2022,36.0642,0.007446,0.008136,0.013212,0.50855,STRONG_DOWN_TREND,BEARISH,HIGH,,
PSTAKEUSDT,0,1,0.152,20.09.2022,48.24611,0.15288,0.165316,,0.849106,DOWN_TREND,BEARISH,HIGH,,
JARUSDT,0,1,0.001467,20.09.2022,38.509187,0.00161,0.001734,0.002508,0.636548,STRONG_DOWN_TREND,BEARISH,HIGH,,
QUICKUSDT,0,1,57.2,20.09.2022,39.454409,61.8095,71.7676,109.13425,0.549942,STRONG_DOWN_TREND,BEARISH,HIGH,,
GENSUSDT,0,1,0.0026,20.09.2022,46.087706,0.002704,0.002907,0.006582,1.179899,STRONG_DOWN_TREND,BEARISH,HIGH,,
APE3SUSDT,0,1,0.401,20.09.2022,36.109651,1.131275,1.07964,,11.539409,DOWN_TREND,BEARISH,HIGH,,
METISUSDT,0,1,23.61,20.09.2022,33.800143,28.4015,34.2652,53.69155,0.60506,STRONG_DOWN_TREND,BEARISH,HIGH,,
BNCUSDT,0,1,0.1802,20.09.2022,36.182233,0.19699,0.205542,,0.526059,DOWN_TREND,BEARISH,HIGH,,
DAPPXUSDT,0,1,0.004438,20.09.2022,46.518207,0.005182,0.00477,0.008529,1.022478,STRONG_DOWN_TREND,BEARISH,HIGH,,
EQXUSDT,0,1,0.01409,20.09.2022,36.658675,0.015166,0.017843,0.038145,0.676737,STRONG_DOWN_TREND,BEARISH,HIGH,,
PYRUSDT,0,1,3.3465,20.09.2022,42.864531,3.61578,3.857864,6.208142,0.515089,STRONG_DOWN_TREND,BEARISH,HIGH,,
CTIUSDT,0,1,0.007364,20.09.2022,46.420061,0.00767,0.00836,0.013058,0.671434,STRONG_DOWN_TREND,BEARISH,HIGH,,
SWPUSDT,0,1,0.2042,20.09.2022,10.709948,0.300955,0.386538,1.031124,0.908855,STRONG_DOWN_TREND,OVERSOLD,HIGH,,
ALPINEUSDT,0,1,3.446,20.09.2022,38.499397,4.2642,3.7598,,0.361489,DOWN_TREND,BEARISH,HIGH,,
SLIMUSDT,0,1,0.083,20.09.2022,32.923409,0.09603,0.104352,0.239674,0.772595,STRONG_DOWN_TREND,BEARISH,HIGH,,
MOOVUSDT,0,1,0.00594,20.09.2022,32.592261,0.006521,0.007579,,0.327516,DOWN_TREND,BEARISH,HIGH,,
XEDUSDT,0,1,0.0578,20.09.2022,34.676236,0.064892,0.070226,0.113265,0.606425,STRONG_DOWN_TREND,BEARISH,HIGH,,
BMONUSDT,0,1,0.01478,20.09.2022,39.453369,0.01591,0.01666,0.023256,0.580517,STRONG_DOWN_TREND,BEARISH,HIGH,,
GOUSDT,0,1,0.007682,20.09.2022,41.400821,0.008061,0.008736,0.013861,0.37603,STRONG_DOWN_TREND,BEARISH,HIGH,,
HOTCROSSUSDT,0,1,0.01311,20.09.2022,33.123736,0.013998,0.016346,0.081969,1.370137,STRONG_DOWN_TREND,BEARISH,HIGH,,
MCUSDT,0,1,0.2991,20.09.2022,,,,,0.579071,,,HIGH,,
DEROUSDT,0,1,3.5433,20.09.2022,41.527627,3.836912,3.883595,6.742631,0.409861,STRONG_DOWN_TREND,BEARISH,HIGH,,
SOVUSDT,0,1,0.431,20.09.2022,37.208516,0.48105,0.52018,1.638905,0.87878,STRONG_DOWN_TREND,BEARISH,HIGH,,
DORAUSDT,0,1,2.8032,20.09.2022,50.319694,2.8248,2.721558,3.556124,0.327574,DOWN_TREND,BULLISH,HIGH,,
RNDRUSDT,0,1,0.4558,20.09.2022,38.939415,0.509385,0.58888,1.154789,0.622971,STRONG_DOWN_TREND,BEARISH,HIGH,,
FALCONSUSDT,0,1,0.00493,20.09.2022,45.780029,0.00506,0.005322,0.017888,1.480049,STRONG_DOWN_TREND,BEARISH,HIGH,,
XCNUSDT,0,1,0.06201,20.09.2022,24.758237,0.070988,0.080189,,0.389825,DOWN_TREND,OVERSOLD,HIGH,,
PBXUSDT,0,1,0.001317,20.09.2022,37.723304,0.001453,0.001626,0.004096,0.844513,STRONG_DOWN_TREND,BEARISH,HIGH,,
TOWERUSDT,0,1,0.003611,20.09.2022,43.814057,0.003908,0.003774,0.009468,0.782127,STRONG_DOWN_TREND,BEARISH,HIGH,,
EXRDUSDT,0,1,0.05695,20.09.2022,40.892583,0.059547,0.060496,0.088919,0.261311,STRONG_DOWN_TREND,BEARISH,MEDIUM,,
HISAND33USDT,0,1,0.01728,20.09.2022,24.602799,0.021405,,,0.382698,,OVERSOLD,HIGH,,
MJTUSDT,0,1,0.1562,20.09.2022,22.408755,0.16961,0.198,0.551144,0.560779,STRONG_DOWN_TREND,OVERSOLD,HIGH,,
NGCUSDT,0,1,0.0396,20.09.2022,28.174502,0.072525,0.126954,0.306193,2.003398,STRONG_DOWN_TREND,OVERSOLD,HIGH,,
IOTAUSDT,0,1,0.2567,20.09.2022,39.538597,0.27566,0.300194,0.433297,0.306142,STRONG_DOWN_TREND,BEARISH,HIGH,,
AMPUSDT,0,1,0.0049,20.09.2022,28.46821,0.005694,0.006834,0.013901,0.508255,STRONG_DOWN_TREND,OVERSOLD,HIGH,,
WELLUSDT,0,1,0.01105,20.09.2022,45.102964,0.011411,0.012268,,0.482506,DOWN_TREND,BEARISH,HIGH,,
WRXUSDT,0,1,0.2143,20.09.2022,54.532385,0.19979,0.214594,0.348438,0.37299,DOWN_TREND,BULLISH,HIGH,,
BASICUSDT,0,1,0.00169,20.09.2022,44.310293,0.001774,0.001973,0.002711,0.702622,STRONG_DOWN_TREND,BEARISH,HIGH,,
NFTBUSDT,0,1,0.018,20.09.2022,43.123634,0.018789,0.0206,0.043385,0.654274,STRONG_DOWN_TREND,BEARISH,HIGH,,
REPUSDT,0,1,6.925,20.09.2022,35.402909,7.66355,8.1422,10.183575,0.333926,STRONG_DOWN_TREND,BEARISH,HIGH,,
GAFIUSDT,0,1,8.987,20.09.2022,32.461143,9.43415,11.13858,19.581575,0.747754,STRONG_DOWN_TREND,BEARISH,HIGH,,
NGLUSDT,0,1,0.2403,20.09.2022,49.984979,0.236829,0.243074,0.419991,0.619613,DOWN_TREND,BEARISH,HIGH,,
NWCUSDT,0,1,0.10843,20.09.2022,42.789657,0.126774,0.114584,0.142708,0.381729,STRONG_DOWN_TREND,BEARISH,HIGH,,
KOLUSDT,0,1,0.004735,20.09.2022,36.435206,0.005275,0.0066,0.017576,1.132332,STRONG_DOWN_TREND,BEARISH,HIGH,,
H3RO3SUSDT,0,1,0.00258,20.09.2022,52.395197,0.002315,0.002423,0.00661,1.148629,UP_TREND,BULLISH,HIGH,,
PONDUSDT,0,1,0.01088,20.09.2022,46.60637,0.011069,0.011811,0.017278,0.417727,STRONG_DOWN_TREND,BEARISH,HIGH,,
DAPPTUSDT,0,1,0.000574,20.09.2022,47.916155,0.000602,0.000579,0.001079,0.757034,STRONG_DOWN_TREND,BEARISH,HIGH,,
EDGUSDT,0,1,0.001136,20.09.2022,42.66206,0.001212,0.001368,0.002599,0.996978,STRONG_DOWN_TREND,BEARISH,HIGH,,
DFIUSDT,0,1,0.819,20.09.2022,39.774915,0.9914,0.94868,2.27829,0.490174,STRONG_DOWN_TREND,BEARISH,HIGH,,
WHALEUSDT,0,1,1.81,20.09.2022,74.623455,1.143565,1.395752,3.042319,0.519585,UP_TREND,OVERBOUGHT,HIGH,,
CTCUSDT,0,1,0.3027,20.09.2022,37.466754,0.33003,0.36735,0.631536,0.683334,STRONG_DOWN_TREND,BEARISH,HIGH,,
EGAMEUSDT,0,1,0.0003298,20.09.2022,47.851195,0.000319,,,0.601928,,BEARISH,HIGH,,
NEERUSDT,0,1,0.3613,20.09.2022,48.392985,0.30259,,,0.426646,,BEARISH,HIGH,,
ASDUSDT,0,1,0.1021,20.09.2022,66.948864,0.08959,0.087264,0.135846,0.228184,UP_TREND,BULLISH,MEDIUM,,
NFTUSDT,0,1,5.373e-07,20.09.2022,38.192009,1e-06,1e-06,1e-06,0.2425,STRONG_DOWN_TREND,BEARISH,MEDIUM,,
TVKUSDT,0,1,0.0349,20.09.2022,31.107457,0.040485,0.046952,0.065019,0.505483,STRONG_DOWN_TREND,BEARISH,HIGH,,
BCH3LUSDT,0,1,0.0002,20.09.2022,38.017887,0.000315,0.000365,0.011609,19.71323,STRONG_DOWN_TREND,BEARISH,HIGH,,
SHILLUSDT,0,1,0.02968,20.09.2022,68.532358,0.025382,0.025224,0.055386,0.449627,UP_TREND,BULLISH,HIGH,,
2CRZUSDT,0,1,0.00214,20.09.2022,47.562113,0.002167,0.002246,0.00456,0.600754,STRONG_DOWN_TREND,BEARISH,HIGH,,
ACTUSDT,0,1,0.00245,20.09.2022,56.163459,0.002387,0.002137,0.003617,0.5157,UP_TREND,BULLISH,HIGH,,
LYXEUSDT,0,1,4.69,20.09.2022,40.300616,5.0307,5.645834,7.969464,0.388596,STRONG_DOWN_TREND,BEARISH,HIGH,,
HTRUSDT,0,1,0.0883,20.09.2022,30.813877,0.104635,0.127524,0.26467,0.782146,STRONG_DOWN_TREND,BEARISH,HIGH,,
TLMUSDT,0,1,0.02142,20.09.2022,35.098251,0.02389,0.026809,0.05233,0.520155,STRONG_DOWN_TREND,BEARISH,HIGH,,
HIPUNKSUSDT,0,1,0.07964,20.09.2022,31.335743,0.086993,,,0.317321,,BEARISH,HIGH,,
PCXUSDT,0,1,0.6153,20.09.2022,32.841753,0.681445,0.750286,1.085591,0.488379,STRONG_DOWN_TREND,BEARISH,HIGH,,
CARDUSDT,0,1,0.001656,20.09.2022,40.452552,0.001817,0.001919,0.00285,0.552433,STRONG_DOWN_TREND,BEARISH,HIGH,,
ANCUSDT,0,1,0.0944,20.09.2022,44.94055,0.111935,0.105008,0.926464,2.566254,STRONG_DOWN_TREND,BEARISH,HIGH,,
SCRTUSDT,0,1,1.0,20.09.2022,42.055134,1.07715,1.15444,,0.304723,DOWN_TREND,BEARISH,HIGH,,
VIDUSDT,0,1,0.04912,20.09.2022,41.8487,0.052452,0.055668,0.086332,0.5505,STRONG_DOWN_TREND,BEARISH,HIGH,,
HORDUSDT,0,1,0.01801,20.09.2022,54.012255,0.017868,0.015342,0.0241,0.567755,UP_TREND,BULLISH,HIGH,,
BTC3LUSDT,0,1,0.002046,20.09.2022,34.528209,0.002486,0.003581,0.043189,5.807574,STRONG_DOWN_TREND,BEARISH,HIGH,,
GASUSDT,0,1,2.296,20.09.2022,43.251069,2.50531,2.686406,3.404657,0.379701,STRONG_DOWN_TREND,BEARISH,HIGH,,
ZCXUSDT,0,1,0.0682,20.09.2022,33.950904,0.08051,0.135142,0.603712,2.810852,STRONG_DOWN_TREND,BEARISH,HIGH,,
HYDRAUSDT,0,1,2.258,20.09.2022,30.178737,2.6052,2.83692,4.78373,0.243458,STRONG_DOWN_TREND,BEARISH,MEDIUM,,
MFTUSDT,0,1,0.00495,20.09.2022,39.406819,0.006108,0.005669,0.005953,0.479262,STRONG_DOWN_TREND,BEARISH,HIGH,,
CWEBUSDT,0,1,0.02734,20.09.2022,61.968309,0.025505,0.023482,0.020903,0.21472,STRONG_UP_TREND,BULLISH,MEDIUM,,
DPETUSDT,0,1,0.0853,20.09.2022,38.584766,0.09867,0.10586,0.204402,1.204766,STRONG_DOWN_TREND,BEARISH,HIGH,,
BRISEUSDT,0,1,5.894e-07,20.09.2022,38.818438,1e-06,1e-06,,0.49719,DOWN_TREND,BEARISH,HIGH,,
EVERUSDT,0,1,0.0732,20.09.2022,26.936826,0.081334,0.091688,,0.240991,DOWN_TREND,OVERSOLD,MEDIUM,,
EPIKUSDT,0,1,0.0087,20.09.2022,27.218777,0.009429,0.011113,0.02982,1.01009,STRONG_DOWN_TREND,OVERSOLD,HIGH,,
RPCUSDT,0,1,0.0056,20.09.2022,39.973167,0.006134,0.006314,,0.329103,DOWN_TREND,BEARISH,HIGH,,
FITFIUSDT,0,1,0.0611,20.09.2022,35.550754,0.0714,0.087736,,0.846057,DOWN_TREND,BEARISH,HIGH,,
KCSUSDT,0,1,8.94,20.09.2022,40.767257,9.28955,9.69024,13.79469,0.200305,STRONG_DOWN_TREND,BEARISH,MEDIUM,,
TRADEUSDT,0,1,0.125639,20.09.2022,45.17615,0.13295,0.130186,0.131627,0.451672,STRONG_DOWN_TREND,BEARISH,HIGH,,
MSWAPUSDT,0,1,0.0007564,20.09.2022,41.379988,0.000793,0.000912,0.000879,0.694305,STRONG_DOWN_TREND,BEARISH,HIGH,,
RANKERUSDT,0,1,0.00543,20.09.2022,32.014586,0.00671,0.007714,0.018214,1.137282,STRONG_DOWN_TREND,BEARISH,HIGH,,
GEEQUSDT,0,1,0.1133,20.09.2022,39.118094,0.1302,0.14715,0.271421,1.265447,STRONG_DOWN_TREND,BEARISH,HIGH,,
EOS3SUSDT,0,1,0.1972,20.09.2022,41.376877,0.154245,0.568544,2.442176,6.784665,DOWN_TREND,BEARISH,HIGH,,
STCUSDT,0,1,0.0039,20.09.2022,38.704119,0.004002,0.004343,0.004649,0.214609,STRONG_DOWN_TREND,BEARISH,MEDIUM,,
MARS4USDT,0,1,0.0014,20.09.2022,33.049994,0.001639,0.001999,0.00502,1.279328,STRONG_DOWN_TREND,BEARISH,HIGH,,
GMT3LUSDT,0,1,0.1422,20.09.2022,35.502592,0.222925,0.467666,,4.612593,DOWN_TREND,BEARISH,HIGH,,
POLSUSDT,0,1,0.4662,20.09.2022,39.289445,0.50519,0.55215,0.818818,0.467842,STRONG_DOWN_TREND,BEARISH,HIGH,,
MATTERUSDT,0,1,0.1689,20.09.2022,29.701237,0.178095,0.221698,0.274522,0.25226,STRONG_DOWN_TREND,OVERSOLD,MEDIUM,,
ATOM3LUSDT,0,1,0.00195,20.09.2022,48.518385,0.002189,0.001735,0.044846,7.988678,DOWN_TREND,BEARISH,HIGH,,
LUNAUSDT,0,1,2.709,20.09.2022,48.652673,3.04391,2.343994,,0.594826,,BEARISH,HIGH,,
WOMUSDT,0,1,0.050916,20.09.2022,47.266841,0.051439,0.058198,0.069553,0.501328,STRONG_DOWN_TREND,BEARISH,HIGH,,
GOM2USDT,0,1,0.0089,20.09.2022,25.451425,0.010656,0.0123,0.021556,1.289957,STRONG_DOWN_TREND,OVERSOLD,HIGH,,
USDJUSDT,0,1,1.00627676,20.09.2022,62.139217,0.998912,0.999142,0.999458,0.025856,STRONG_UP_TREND,BULLISH,LOW,,
POLUSDT,0,1,0.02293,20.09.2022,38.868092,0.023785,0.026059,0.037369,0.462213,STRONG_DOWN_TREND,BEARISH,HIGH,,
ELONUSDT,0,1,2.496e-07,20.09.2022,37.843112,0.0,0.0,1e-06,0.502127,UP_TREND,BEARISH,HIGH,,
UNI3LUSDT,0,1,0.000534,20.09.2022,33.27297,0.000892,0.001882,0.015551,12.286764,STRONG_DOWN_TREND,BEARISH,HIGH,,
FLOWUSDT,0,1,1.654,20.09.2022,36.527809,1.8987,2.19594,3.31771,0.450716,STRONG_DOWN_TREND,BEARISH,HIGH,,
MBOXUSDT,0,1,0.6446,20.09.2022,49.22581,0.639375,0.676362,,0.255844,,BEARISH,MEDIUM,,
LOOKSUSDT,0,1,0.2133,20.09.2022,34.550022,0.262585,0.302256,,0.983493,DOWN_TREND,BEARISH,HIGH,,
SYLOUSDT,0,1,0.003266,20.09.2022,43.544897,0.003398,0.003649,0.003966,0.34758,STRONG_DOWN_TREND,BEARISH,HIGH,,
KARUSDT,0,1,0.337,20.09.2022,29.152029,0.397965,0.482896,0.819174,0.5458,STRONG_DOWN_TREND,OVERSOLD,HIGH,,
HAKAUSDT,0,1,0.01139,20.09.2022,45.100966,0.011849,0.012849,0.028281,0.87601,STRONG_DOWN_TREND,BEARISH,HIGH,,
ROUTEUSDT,0,1,2.885,20.09.2022,47.989216,2.95889,3.066972,2.775178,0.358049,DOWN_TREND,BEARISH,HIGH,,
ERNUSDT,0,1,1.5075,20.09.2022,40.116825,1.618125,1.850752,2.796086,0.477311,STRONG_DOWN_TREND,BEARISH,HIGH,,
WAXUSDT,0,1,0.0855,20.09.2022,36.612039,0.09376,0.103754,0.163186,0.394083,STRONG_DOWN_TREND,BEARISH,HIGH,,
COCOSUSDT,0,1,0.6157,20.09.2022,35.916174,0.65109,0.707088,,0.306325,DOWN_TREND,BEARISH,HIGH,,
OXENUSDT,0,1,,,,,,,,,,,,
LAVAXUSDT,0,1,0.01653,20.09.2022,43.379736,0.018236,0.017626,0.024685,0.672151,STRONG_DOWN_TREND,BEARISH,HIGH,,
XDBUSDT,0,1,0.00335457,20.09.2022,29.657057,0.005546,0.010144,0.155548,16.570334,STRONG_DOWN_TREND,OVERSOLD,HIGH,,
AXS3SUSDT,0,1,0.1276,20.09.2022,53.804216,0.10972,0.105688,0.616144,3.547552,UP_TREND,BULLISH,HIGH,,
BOAUSDT,0,1,0.0451,20.09.2022,37.415303,0.048158,0.052893,0.067967,0.343006,STRONG_DOWN_TREND,BEARISH,HIGH,,
KDAUSDT,0,1,1.4382,20.09.2022,39.089656,1.54323,1.731338,3.101148,0.461575,STRONG_DOWN_TREND,BEARISH,HIGH,,
AOAUSDT,0,1,0.000268,20.09.2022,44.320077,0.000277,0.000323,0.000491,0.579199,STRONG_DOWN_TREND,BEARISH,HIGH,,
GHSTUSDT,0,1,1.1948,20.09.2022,35.697265,1.224565,1.277604,1.549673,0.101932,STRONG_DOWN_TREND,BEARISH,MEDIUM,,
HEROUSDT,0,1,0.00253,20.09.2022,21.938167,0.003867,0.006099,0.0197,1.494447,STRONG_DOWN_TREND,OVERSOLD,HIGH,,
BANDUSDT,0,1,1.1358,20.09.2022,36.921649,1.274245,1.438288,2.25911,0.448853,STRONG_DOWN_TREND,BEARISH,HIGH,,
CWARUSDT,0,1,0.02632,20.09.2022,36.497956,0.028292,0.031798,0.092806,1.03117,STRONG_DOWN_TREND,BEARISH,HIGH,,
DPRUSDT,0,1,0.0121,20.09.2022,26.263637,0.013179,0.01762,0.042048,0.800725,STRONG_DOWN_TREND,OVERSOLD,HIGH,,
MBLUSDT,0,1,0.003472,20.09.2022,34.305787,0.003821,0.004154,,0.316329,DOWN_TREND,BEARISH,HIGH,,
FTM3LUSDT,0,1,0.093845,20.09.2022,32.408776,0.158103,0.340079,0.516561,6.068044,STRONG_DOWN_TREND,BEARISH,HIGH,,
DIAUSDT,0,1,0.3801,20.09.2022,45.788587,0.383995,0.416438,0.582637,0.377411,STRONG_DOWN_TREND,BEARISH,HIGH,,
HBARUSDT,0,1,0.05695,20.09.2022,39.82058,0.062043,0.067912,0.115123,0.329131,STRONG_DOWN_TREND,BEARISH,HIGH,,
REVVUSDT,0,1,0.016362,20.09.2022,38.614895,0.017377,0.018337,0.043148,0.469047,STRONG_DOWN_TREND,BEARISH,HIGH,,
ALBTUSDT,0,1,0.04131,20.09.2022,42.219789,0.043792,0.049501,0.111949,0.653108,STRONG_DOWN_TREND,BEARISH,HIGH,,
SPAUSDT,0,1,0.0108,20.09.2022,40.680342,0.015614,0.012766,,1.155054,DOWN_TREND,BEARISH,HIGH,,
CPOOLUSDT,0,1,0.07162,20.09.2022,66.510096,0.061728,0.054323,0.093087,0.466454,UP_TREND,BULLISH,HIGH,,
BOLTUSDT,0,1,0.003077,20.09.2022,46.799113,0.003114,0.003534,0.004132,0.461594,STRONG_DOWN_TREND,BEARISH,HIGH,,
NMRUSDT,0,1,15.292,20.09.2022,34.806869,16.96185,18.56322,19.30027,0.357742,STRONG_DOWN_TREND,BEARISH,HIGH,,
SAND3LUSDT,0,1,0.001529,20.09.2022,34.07692,0.002192,0.004258,0.284354,73.253698,STRONG_DOWN_TREND,BEARISH,HIGH,,
PRQUSDT,0,1,0.1032,20.09.2022,40.823162,0.114045,0.128976,0.172717,0.642689,STRONG_DOWN_TREND,BEARISH,HIGH,,
AVAX3SUSDT,0,1,0.471,20.09.2022,59.395237,0.379465,0.304078,0.939416,1.68192,UP_TREND,BULLISH,HIGH,,
CEEKUSDT,0,1,0.1362,20.09.2022,27.974404,0.16164,0.190578,,0.474303,DOWN_TREND,OVERSOLD,HIGH,,
BURGERUSDT,0,1,0.9476,20.09.2022,35.211974,1.078935,1.253682,1.250954,0.542577,STRONG_DOWN_TREND,BEARISH,HIGH,,
ELAUSDT,0,1,1.4856,20.09.2022,31.211802,1.63603,1.840422,2.179056,0.283501,STRONG_DOWN_TREND,BEARISH,MEDIUM,,
ERTHAUSDT,0,1,0.00415,20.09.2022,43.197837,0.00464,0.005881,0.027985,2.027877,STRONG_DOWN_TREND,BEARISH,HIGH,,
FRRUSDT,0,1,0.00164,20.09.2022,40.682355,0.001734,0.002364,0.025665,6.852161,STRONG_DOWN_TREND,BEARISH,HIGH,,
DUSKUSDT,0,1,0.1126,20.09.2022,36.81509,0.12921,0.138742,,0.357393,DOWN_TREND,BEARISH,HIGH,,
LINK3SUSDT,0,1,0.6479,20.09.2022,46.045171,0.68998,0.804752,2.886044,2.715719,STRONG_DOWN_TREND,BEARISH,HIGH,,
XAVAUSDT,0,1,0.3263,20.09.2022,38.883351,0.345445,0.422472,1.525998,1.216527,STRONG_DOWN_TREND,BEARISH,HIGH,,
ATAUSDT,0,1,0.134,20.09.2022,35.41557,0.152605,0.176084,0.24023,0.452494,STRONG_DOWN_TREND,BEARISH,HIGH,,
WILDUSDT,0,1,0.2306,20.09.2022,40.558381,0.248535,0.314058,0.602719,0.723902,STRONG_DOWN_TREND,BEARISH,HIGH,,
SWEATUSDT,0,1,0.05081,20.09.2022,,,,,0.207439,,,MEDIUM,,
OVRUSDT,0,1,0.6963,20.09.2022,38.24404,0.7146,0.74228,,0.461509,DOWN_TREND,BEARISH,HIGH,,
SYSUSDT,0,1,0.176,20.09.2022,55.382962,0.16333,0.165364,,0.332841,UP_TREND,BULLISH,HIGH,,
IOIUSDT,0,1,0.1302,20.09.2022,27.674169,0.1531,0.182178,0.39785,0.791889,STRONG_DOWN_TREND,OVERSOLD,HIGH,,
AKROUSDT,0,1,0.00399,20.09.2022,49.561446,0.003842,0.004259,0.00683,0.468523,DOWN_TREND,BEARISH,HIGH,,
LOVEUSDT,0,1,0.003456,20.09.2022,41.950492,0.003979,0.0043,0.00479,0.587782,STRONG_DOWN_TREND,BEARISH,HIGH,,
HAWKUSDT,0,1,0.00432,20.09.2022,39.484272,0.004568,0.005143,,1.131408,DOWN_TREND,BEARISH,HIGH,,
LOCGUSDT,0,1,0.01677,20.09.2022,40.326207,0.017602,0.023968,0.038045,0.747682,STRONG_DOWN_TREND,BEARISH,HIGH,,
SOULUSDT,0,1,0.2367,20.09.2022,39.787518,0.253495,0.28632,0.484049,0.511536,STRONG_DOWN_TREND,BEARISH,HIGH,,
DOGE3SUSDT,0,1,1.52,20.09.2022,53.009621,1.40995,1.403358,2.854369,1.047502,UP_TREND,BULLISH,HIGH,,
CLHUSDT,0,1,0.003751,20.09.2022,28.765202,0.004981,0.005953,0.024226,2.126901,STRONG_DOWN_TREND,OVERSOLD,HIGH,,
VXVUSDT,0,1,0.324,20.09.2022,39.09139,0.34157,0.393676,0.998067,0.803095,STRONG_DOWN_TREND,BEARISH,HIGH,,
VAIUSDT,0,1,0.007369,20.09.2022,34.101115,0.008437,0.010882,0.02363,1.449437,STRONG_DOWN_TREND,BEARISH,HIGH,,
TCPUSDT,0,1,0.00813,20.09.2022,39.476256,0.008818,0.009361,0.019128,0.725607,STRONG_DOWN_TREND,BEARISH,HIGH,,
SFUNDUSDT,0,1,2.2624,20.09.2022,49.367706,2.267425,2.379026,2.586629,0.253493,STRONG_DOWN_TREND,BEARISH,MEDIUM,,
EPXUSDT,0,1,0.00068,20.09.2022,67.424916,0.000505,0.000583,,0.530215,UP_TREND,BULLISH,HIGH,,
TFUELUSDT,0,1,0.05064,20.09.2022,37.694871,0.056166,0.06052,0.09412,0.462902,STRONG_DOWN_TREND,BEARISH,HIGH,,
TARAUSDT,0,1,0.001421,20.09.2022,32.665111,0.00159,0.001741,0.002767,0.61753,STRONG_DOWN_TREND,BEARISH,HIGH,,
XDEFIUSDT,0,1,0.1229,20.09.2022,31.960288,0.144245,0.155548,,2.053729,DOWN_TREND,BEARISH,HIGH,,
VIDTUSDT,0,1,0.2738,20.09.2022,47.197988,0.277805,0.298868,0.317685,0.397116,STRONG_DOWN_TREND,BEARISH,HIGH,,
LTC3LUSDT,0,1,0.001503,20.09.2022,36.588021,0.002431,0.002779,0.02757,5.934596,STRONG_DOWN_TREND,BEARISH,HIGH,,
TOKOUSDT,0,1,0.00291,20.09.2022,39.811667,0.003075,0.003876,0.008717,0.776329,STRONG_DOWN_TREND,BEARISH,HIGH,,
GMT3SUSDT,0,1,0.8693,20.09.2022,51.842729,0.837505,0.760636,,2.027709,UP_TREND,BULLISH,HIGH,,
MXCUSDT,0,1,0.06634,20.09.2022,40.939384,0.069465,0.069575,0.083597,0.224558,STRONG_DOWN_TREND,BEARISH,MEDIUM,,
NUMUSDT,0,1,0.0519,20.09.2022,41.652266,0.06038,0.060132,0.155201,1.011896,STRONG_DOWN_TREND,BEARISH,HIGH,,
XECUSDT,0,1,3.777e-05,20.09.2022,37.990728,4.3e-05,4.3e-05,5.7e-05,0.40266,STRONG_DOWN_TREND,BEARISH,HIGH,,
ORNUSDT,0,1,1.0611,20.09.2022,37.047942,1.13907,1.269732,1.953786,0.448799,STRONG_DOWN_TREND,BEARISH,HIGH,,
1EARTHUSDT,0,1,0.001985,20.09.2022,37.262507,0.002394,0.003162,0.01165,2.415222,STRONG_DOWN_TREND,BEARISH,HIGH,,
CQTUSDT,0,1,0.067,20.09.2022,42.81705,0.068645,0.074434,0.17721,0.51625,STRONG_DOWN_TREND,BEARISH,HIGH,,
SHAUSDT,0,1,0.000814,20.09.2022,41.228383,0.000854,0.000875,0.001767,0.587527,STRONG_DOWN_TREND,BEARISH,HIGH,,
EOSCUSDT,0,1,0.002758,20.09.2022,28.350431,0.003336,0.003734,0.004941,0.749376,STRONG_DOWN_TREND,OVERSOLD,HIGH,,
NKNUSDT,0,1,0.08942,20.09.2022,41.979594,0.096954,0.104587,0.133998,0.438912,STRONG_DOWN_TREND,BEARISH,HIGH,,
BEPROUSDT,0,1,0.0010958,20.09.2022,39.837968,0.00116,0.001271,0.002249,0.575817,STRONG_DOWN_TREND,BEARISH,HIGH,,
MAKIUSDT,0,1,0.002571,20.09.2022,40.000765,0.002669,0.002972,0.007857,1.015555,STRONG_DOWN_TREND,BEARISH,HIGH,,
LPOOLUSDT,0,1,0.1134,20.09.2022,39.503489,0.12837,0.145294,0.38596,1.004589,STRONG_DOWN_TREND,BEARISH,HIGH,,
QNTUSDT,0,1,103.878,20.09.2022,50.947103,100.7286,106.60212,94.964495,0.201883,UP_TREND,BULLISH,MEDIUM,,
BOSONUSDT,0,1,0.2221,20.09.2022,35.1832,0.2496,0.301956,0.495247,0.549776,STRONG_DOWN_TREND,BEARISH,HIGH,,
GSTUSDT,0,1,0.03,20.09.2022,30.096909,0.03469,0.044408,,10.044933,DOWN_TREND,BEARISH,HIGH,,
POLKUSDT,0,1,0.06517,20.09.2022,45.235941,0.066604,0.070596,0.120395,0.560847,STRONG_DOWN_TREND,BEARISH,HIGH,,
AMPLUSDT,0,1,0.97049,20.09.2022,45.354951,1.012755,1.15995,1.061041,0.298468,STRONG_DOWN_TREND,BEARISH,MEDIUM,,
COOHAUSDT,0,1,0.4513,20.09.2022,28.826664,0.515105,0.636408,,0.734654,DOWN_TREND,OVERSOLD,HIGH,,
BSWUSDT,0,1,0.2883,20.09.2022,42.049195,0.29894,0.32433,,0.323683,DOWN_TREND,BEARISH,HIGH,,
AERGOUSDT,0,1,0.126,20.09.2022,44.213039,0.152525,0.140948,0.168726,0.534644,STRONG_DOWN_TREND,BEARISH,HIGH,,
JSTUSDT,0,1,0.02512383,20.09.2022,37.968599,0.026726,0.029482,0.042707,0.360045,STRONG_DOWN_TREND,BEARISH,HIGH,,
POLXUSDT,0,1,5.103e-05,20.09.2022,38.803355,5.5e-05,6.1e-05,0.000119,0.731234,STRONG_DOWN_TREND,BEARISH,HIGH,,
CMPUSDT,0,1,0.226,20.09.2022,,,,,0.29115,,,MEDIUM,,
ACAUSDT,0,1,0.2223,20.09.2022,49.771328,0.212645,0.239362,0.609268,0.74857,DOWN_TREND,BEARISH,HIGH,,
SHXUSDT,0,1,0.000729,20.09.2022,41.994642,0.000885,0.00082,0.001938,0.861185,STRONG_DOWN_TREND,BEARISH,HIGH,,
REVUUSDT,0,1,0.03266,20.09.2022,60.14972,0.027485,0.029254,0.060166,0.382463,UP_TREND,BULLISH,HIGH,,
VET3SUSDT,0,1,0.5451,20.09.2022,54.612309,0.4964,0.43444,0.781254,0.774751,UP_TREND,BULLISH,HIGH,,
TONEUSDT,0,1,0.01529,20.09.2022,41.152456,0.016922,0.020503,0.021812,0.551611,STRONG_DOWN_TREND,BEARISH,HIGH,,
LIKEUSDT,0,1,0.010101,20.09.2022,33.554794,0.012352,0.018533,0.046956,1.164885,STRONG_DOWN_TREND,BEARISH,HIGH,,
AIOZUSDT,0,1,0.054,20.09.2022,37.75284,0.057136,0.061971,0.112755,0.6875,STRONG_DOWN_TREND,BEARISH,HIGH,,
KMAUSDT,0,1,0.001678,20.09.2022,45.120247,0.00171,0.00184,0.003318,0.59594,STRONG_DOWN_TREND,BEARISH,HIGH,,
KAIUSDT,0,1,0.0081922,20.09.2022,42.730571,0.008295,0.008947,0.019047,0.433722,STRONG_DOWN_TREND,BEARISH,HIGH,,
IXSUSDT,0,1,0.04952,20.09.2022,33.773898,0.063516,0.066566,0.111939,0.898575,STRONG_DOWN_TREND,BEARISH,HIGH,,
GLQUSDT,0,1,0.0017,20.09.2022,40.628432,0.001883,0.001944,0.004864,0.739936,STRONG_DOWN_TREND,BEARISH,HIGH,,
WOOPUSDT,0,1,0.02911,20.09.2022,36.992667,0.031223,0.038431,,0.743713,DOWN_TREND,BEARISH,HIGH,,
KOKUSDT,0,1,0.2205,20.09.2022,20.422192,0.300105,0.331462,1.898738,2.233494,STRONG_DOWN_TREND,OVERSOLD,HIGH,,
ARRRUSDT,0,1,0.3893,20.09.2022,34.435185,0.432955,0.462332,0.917972,0.534305,STRONG_DOWN_TREND,BEARISH,HIGH,,
USTCUSDT,0,1,0.03317,20.09.2022,47.19524,0.039398,0.032657,,0.606781,,BEARISH,HIGH,,
PAXGUSDT,0,1,1656.19,20.09.2022,32.14771,1691.539,1730.0756,1830.23505,0.062941,STRONG_DOWN_TREND,BEARISH,LOW,,
PHNXUSDT,0,1,0.00668,20.09.2022,52.246478,0.006375,0.006491,0.010617,0.535604,UP_TREND,BULLISH,HIGH,,
DEGOUSDT,0,1,1.6337,20.09.2022,39.10978,1.77756,2.026028,2.142898,0.433537,STRONG_DOWN_TREND,BEARISH,HIGH,,
UPOUSDT,0,1,0.01019,20.09.2022,36.129116,0.012052,0.016159,,4.6953,DOWN_TREND,BEARISH,HIGH,,
YOPUSDT,0,1,0.0524,20.09.2022,37.789698,0.062375,0.069774,0.125148,1.043878,STRONG_DOWN_TREND,BEARISH,HIGH,,
ORBSUSDT,0,1,0.03367,20.09.2022,32.242445,0.037038,0.040689,0.053713,0.3895,STRONG_DOWN_TREND,BEARISH,HIGH,,
ZEEUSDT,0,1,0.02598,20.09.2022,42.228334,0.027794,0.029831,0.058443,0.635729,STRONG_DOWN_TREND,BEARISH,HIGH,,
XTAGUSDT,0,1,0.0484,20.09.2022,40.645793,0.05143,0.06014,0.121467,1.023082,STRONG_DOWN_TREND,BEARISH,HIGH,,
ADXUSDT,0,1,0.1564,20.09.2022,44.535507,0.160705,0.170524,0.250621,0.405345,STRONG_DOWN_TREND,BEARISH,HIGH,,
LMRUSDT,0,1,0.0166,20.09.2022,38.233992,0.018744,0.022263,,0.912506,DOWN_TREND,BEARISH,HIGH,,
NYMUSDT,0,1,0.2667,20.09.2022,35.963092,0.30466,0.345482,,0.556138,DOWN_TREND,BEARISH,HIGH,,
DGBUSDT,0,1,0.00927,20.09.2022,39.500304,0.010132,0.011021,0.015154,0.425612,STRONG_DOWN_TREND,BEARISH,HIGH,,
DAGUSDT,0,1,0.069564,20.09.2022,36.924465,0.075019,0.086168,0.109699,0.345271,STRONG_DOWN_TREND,BEARISH,HIGH,,
KRLUSDT,0,1,0.36068,20.09.2022,31.179708,0.393382,0.427181,0.566841,0.371808,STRONG_DOWN_TREND,BEARISH,HIGH,,
OMUSDT,0,1,0.04237,20.09.2022,36.810547,0.046207,0.050392,0.0609,0.380607,STRONG_DOWN_TREND,BEARISH,HIGH,,
HEARTUSDT,0,1,0.00534,20.09.2022,41.517927,0.005632,0.005805,0.019169,1.010665,STRONG_DOWN_TREND,BEARISH,HIGH,,
SURVUSDT,0,1,0.000737,20.09.2022,27.051692,0.00101,0.001614,0.00829,7.014936,STRONG_DOWN_TREND,OVERSOLD,HIGH,,
UFOUSDT,0,1,2.099e-06,20.09.2022,37.588696,3e-06,3e-06,4e-06,0.641933,STRONG_DOWN_TREND,BEARISH,HIGH,,
RACAUSDT,0,1,0.0003031,20.09.2022,31.856821,0.000353,0.000388,,0.443041,DOWN_TREND,BEARISH,HIGH,,
DEXEUSDT,0,1,2.9905,20.09.2022,45.793573,3.058085,3.360424,4.189851,0.357892,STRONG_DOWN_TREND,BEARISH,HIGH,,
WESTUSDT,0,1,0.03952,20.09.2022,27.270335,0.04723,0.064358,0.113095,0.835357,STRONG_DOWN_TREND,OVERSOLD,HIGH,,
FTUSDT,0,1,2.1478,20.09.2022,64.950964,1.803495,,,0.339076,,BULLISH,HIGH,,
DARUSDT,0,1,0.2066,20.09.2022,32.392637,0.23641,0.27509,,0.688142,DOWN_TREND,BEARISH,HIGH,,
SENSOUSDT,0,1,0.159372,20.09.2022,41.112073,0.166667,0.177182,0.33173,0.462349,STRONG_DOWN_TREND,BEARISH,HIGH,,
RFOXUSDT,0,1,0.0093,20.09.2022,39.611437,0.0103,0.010998,0.024125,0.515783,STRONG_DOWN_TREND,BEARISH,HIGH,,
ENQUSDT,0,1,0.0147,20.09.2022,56.877346,0.012686,0.009179,0.017103,0.486616,UP_TREND,BULLISH,HIGH,,
LABSUSDT,0,1,0.00105,20.09.2022,51.004252,0.001038,0.00093,0.00185,0.704061,UP_TREND,BULLISH,HIGH,,
ATOM3SUSDT,0,1,0.0204,20.09.2022,34.356514,0.039465,0.096644,0.926588,32.346276,STRONG_DOWN_TREND,BEARISH,HIGH,,
WMTUSDT,0,1,0.2111,20.09.2022,47.639608,0.216,0.214766,0.348829,0.318552,STRONG_DOWN_TREND,BEARISH,HIGH,,
MELOSUSDT,0,1,0.01805,20.09.2022,31.291353,0.022369,0.026886,,2.32991,DOWN_TREND,BEARISH,HIGH,,
BUYUSDT,0,1,0.004167,20.09.2022,48.813411,0.004138,0.004311,0.008092,0.51075,DOWN_TREND,BEARISH,HIGH,,
FORMUSDT,0,1,0.002892,20.09.2022,49.304741,0.002932,0.002777,0.006897,0.764967,DOWN_TREND,BEARISH,HIGH,,
XSRUSDT,0,1,0.0001385,20.09.2022,45.77105,0.000141,0.00015,0.000214,0.524421,STRONG_DOWN_TREND,BEARISH,HIGH,,
REV3LUSDT,0,1,0.00818,20.09.2022,40.990471,0.008526,0.009294,,0.450727,DOWN_TREND,BEARISH,HIGH,,
PHAUSDT,0,1,0.0923,20.09.2022,37.050403,0.09869,0.110542,0.162001,0.345778,STRONG_DOWN_TREND,BEARISH,HIGH,,
HYVEUSDT,0,1,0.0337,20.09.2022,36.560695,0.039189,0.045708,0.07529,1.005239,STRONG_DOWN_TREND,BEARISH,HIGH,,
STXUSDT,0,1,0.3286,20.09.2022,36.318739,0.357895,0.405502,0.688587,0.422091,STRONG_DOWN_TREND,BEARISH,HIGH,,
PKFUSDT,0,1,0.1256,20.09.2022,36.927725,0.14151,0.16319,,0.914632,DOWN_TREND,BEARISH,HIGH,,
BUXUSDT,0,1,0.1648,20.09.2022,48.137059,0.17048,0.158852,0.25131,0.255299,DOWN_TREND,BEARISH,MEDIUM,,
SWASHUSDT,0,1,0.02326,20.09.2022,33.068246,0.024986,0.025239,0.02673,0.321301,STRONG_DOWN_TREND,BEARISH,HIGH,,
AKTUSDT,0,1,0.32,20.09.2022,41.890437,0.33548,0.36223,,0.289224,DOWN_TREND,BEARISH,MEDIUM,,
XNLUSDT,0,1,0.03485,20.09.2022,50.517929,0.032289,0.037362,0.066848,0.805938,DOWN_TREND,BULLISH,HIGH,,
CREAMUSDT,0,1,15.522,20.09.2022,40.94453,16.9779,18.08832,27.324065,0.445313,STRONG_DOWN_TREND,BEARISH,HIGH,,
PERPUSDT,0,1,0.603,20.09.2022,39.37398,0.65955,0.7983,1.923835,0.738538,STRONG_DOWN_TREND,BEARISH,HIGH,,
USDPUSDT,0,1,1.0,20.09.2022,56.437444,0.998775,0.998876,,0.003559,UP_TREND,BULLISH,LOW,,
SAND3SUSDT,0,1,0.017277,20.09.2022,55.814533,0.015441,0.012317,0.03429,1.455321,UP_TREND,BULLISH,HIGH,,
SDNUSDT,0,1,0.3239,20.09.2022,47.764802,0.33608,0.328608,0.549605,0.473743,STRONG_DOWN_TREND,BEARISH,HIGH,,
SYNRUSDT,0,1,0.01288,20.09.2022,44.865418,0.012995,0.01385,,0.708041,DOWN_TREND,BEARISH,HIGH,,
AVAUSDT,0,1,0.750814,20.09.2022,42.732238,0.819689,0.815896,0.937579,0.374089,STRONG_DOWN_TREND,BEARISH,HIGH,,
USDDUSDT,0,1,0.9996,20.09.2022,55.274916,0.998455,0.998872,,0.03242,UP_TREND,BULLISH,LOW,,
CLVUSDT,0,1,0.0819,20.09.2022,35.846157,0.0912,0.099858,0.184672,0.560101,STRONG_DOWN_TREND,BEARISH,HIGH,,
HBBUSDT,0,1,0.2162,20.09.2022,52.053726,0.214155,0.20886,0.544362,1.107396,UP_TREND,BULLISH,HIGH,,
VEEDUSDT,0,1,0.001945,20.09.2022,36.347362,0.002306,0.002228,0.002552,0.427375,STRONG_DOWN_TREND,BEARISH,HIGH,,
MONIUSDT,0,1,0.07,20.09.2022,44.300876,0.082873,0.07589,0.116519,0.714655,STRONG_DOWN_TREND,BEARISH,HIGH,,
VRUSDT,0,1,0.01203,20.09.2022,33.953853,0.013568,0.017446,0.069038,1.700025,STRONG_DOWN_TREND,BEARISH,HIGH,,
PUSHUSDT,0,1,0.2719,20.09.2022,33.47,0.300485,0.336768,0.631756,0.405161,STRONG_DOWN_TREND,BEARISH,HIGH,,
ETH3LUSDT,0,1,0.002099,20.09.2022,34.500005,0.003718,0.005126,0.090318,13.192918,STRONG_DOWN_TREND,BEARISH,HIGH,,
LTC3SUSDT,0,1,0.8066,20.09.2022,56.599081,0.625095,0.726242,1.218706,0.877755,UP_TREND,BULLISH,HIGH,,
DCUSDT,0,1,0.001064,20.09.2022,30.276688,0.00193,,,0.992782,,BEARISH,HIGH,,
ODDZUSDT,0,1,0.01976,20.09.2022,44.799326,0.021064,0.022266,0.052771,0.764144,STRONG_DOWN_TREND,BEARISH,HIGH,,
BNB3LUSDT,0,1,0.2069,20.09.2022,40.134743,0.24183,0.297708,0.843446,1.229398,STRONG_DOWN_TREND,BEARISH,HIGH,,
XRP3LUSDT,0,1,0.003333,20.09.2022,57.115961,0.002685,0.003034,0.033352,3.304632,UP_TREND,BULLISH,HIGH,,
CIRUSUSDT,0,1,0.13474,20.09.2022,37.47057,0.146314,0.1542,0.160614,0.224269,STRONG_DOWN_TREND,BEARISH,MEDIUM,,
CIX100USDT,0,1,0.03748,20.09.2022,47.058323,0.037774,0.039182,0.057129,0.638571,STRONG_DOWN_TREND,BEARISH,HIGH,,
XCURUSDT,0,1,0.04702,20.09.2022,24.250686,0.061461,0.068056,0.411663,3.256375,STRONG_DOWN_TREND,OVERSOLD,HIGH,,
MTSUSDT,0,1,0.01088,20.09.2022,46.294394,0.01172,0.010919,0.051627,1.588089,STRONG_DOWN_TREND,BEARISH,HIGH,,
LYMUSDT,0,1,0.003291,20.09.2022,42.787277,0.003587,0.003957,0.003793,0.374906,STRONG_DOWN_TREND,BEARISH,HIGH,,
ARNMUSDT,0,1,0.04636,20.09.2022,31.612939,0.065665,0.091539,,1.6871,DOWN_TREND,BEARISH,HIGH,,
OUSDUSDT,0,1,0.9945,20.09.2022,50.111881,0.99432,0.99471,0.995646,0.013761,DOWN_TREND,BULLISH,LOW,,
QIUSDT,0,1,0.01002,20.09.2022,38.253395,0.010935,0.013533,0.025757,0.678661,STRONG_DOWN_TREND,BEARISH,HIGH,,
SPELLUSDT,0,1,0.001076,20.09.2022,32.41756,0.001268,0.001345,,0.422267,DOWN_TREND,BEARISH,HIGH,,
IHCUSDT,0,1,0.00011,20.09.2022,37.877468,0.000114,0.000151,,0.451049,DOWN_TREND,BEARISH,HIGH,,
TUSDT,0,1,0.03003,20.09.2022,39.824985,0.032242,0.035382,,0.36587,DOWN_TREND,BEARISH,HIGH,,
ADA3SUSDT,0,1,0.2723,20.09.2022,52.750664,0.238355,0.266158,0.606782,1.231286,UP_TREND,BULLISH,HIGH,,
VISIONUSDT,0,1,0.00429,20.09.2022,41.017582,0.004772,0.005416,,2.040069,DOWN_TREND,BEARISH,HIGH,,
SHRUSDT,0,1,0.002232,20.09.2022,34.859559,0.002549,0.002918,0.004373,0.542279,STRONG_DOWN_TREND,BEARISH,HIGH,,
PSLUSDT,0,1,0.001092,20.09.2022,55.072147,0.000863,0.000847,,0.891367,UP_TREND,BULLISH,HIGH,,
XNOUSDT,0,1,0.7836,20.09.2022,39.22188,0.862985,0.934646,1.336804,0.398256,STRONG_DOWN_TREND,BEARISH,HIGH,,
OLEUSDT,0,1,0.03092,20.09.2022,42.649353,0.030247,0.038261,,0.366355,,BEARISH,HIGH,,
FORTUSDT,0,1,0.1822,20.09.2022,18.775789,0.21653,0.258846,,0.394817,DOWN_TREND,OVERSOLD,HIGH,,
